"Titulo","Lugar","Precio","Fecha","Link","Ids","EventId"
"SALVADOR DALI INFINITO","Palacio de Gaviria","15,00€","System.Object[]","https://compras.abonoteatro.com/?pagename=espectaculo&eventid=52906#compradias","System.Object[]","52906"
"El Ratoncito Pérez","Teatro San Pol","20,00€","System.Object[]","https://compras.abonoteatro.com/?pagename=espectaculo&eventid=34939#compradias","System.Object[]","34939"
"ARTE De Yasmina Reza","Teatro Serrano","19,00€","System.Object[]","https://compras.abonoteatro.com/?pagename=espectaculo&eventid=16215#compradias","System.Object[]","16215"
"VOILÁ","Teatro Serrano","22,00€","System.Object[]","https://compras.abonoteatro.com/?pagename=espectaculo&eventid=30945#compradias","System.Object[]","30945"
"EL PARTO DE TALÍA","Corral Comedias Almagro (Ciudad Real)","25,00€","System.Object[]","https://compras.abonoteatro.com/?pagename=espectaculo&eventid=40191#compradias","System.Object[]","40191"
"LA DAMA BOBA","Corral Comedias Almagro (Ciudad Real)","25,00€","System.Object[]","https://compras.abonoteatro.com/?pagename=espectaculo&eventid=57202#compradias","System.Object[]","57202"
"VISITA GRAN CASTILLO DE PEDRAZA","Gran Castillo de Pedraza","6,70€","System.Object[]","https://compras.abonoteatro.com/?pagename=espectaculo&eventid=41900#compradias","System.Object[]","41900"
"TALLER MAGIA PARA ADULTOS","Ambigú del Teatro Pavón","15,00€","System.Object[]","https://compras.abonoteatro.com/?pagename=espectaculo&eventid=43377#compradias","System.Object[]","43377"
"HIPÓDROMO DE LA ZARZUELA 2026","Hipódromo de la Zarzuela","15,00€","System.Object[]","https://compras.abonoteatro.com/?pagename=espectaculo&eventid=36331#compradias","System.Object[]","36331"
"LA FRANCESA LAURA","Corral Comedias Almagro (Ciudad Real)","25,00€","System.Object[]","https://compras.abonoteatro.com/?pagename=espectaculo&eventid=31104#compradias","System.Object[]","31104"
"HOLA RAFFAELLA","Teatro Arlequín Gran Vía","19,00€","System.Object[]","https://compras.abonoteatro.com/?pagename=espectaculo&eventid=16893#compradias","System.Object[]","16893"
"Magic Jano: ESPECTACULOSO","Sala Galileo Galilei","20,00€","System.Object[]","https://compras.abonoteatro.com/?pagename=espectaculo&eventid=33707#compradias","System.Object[]","33707"
"666 – YLLANA","Gran Teatro Pavón","18,00€","System.Object[]","https://compras.abonoteatro.com/?pagename=espectaculo&eventid=67028#compradias","System.Object[]","67028"
"TRASH! DE YLLANA Y TÖTHEM","Gran Teatro CaixaBank Príncipe Pío","22,00€","System.Object[]","https://compras.abonoteatro.com/?pagename=espectaculo&eventid=3601#compradias","System.Object[]","3601"
"SEMEN","Teatro Arlequín Gran Vía","15,00€","System.Object[]","https://compras.abonoteatro.com/?pagename=espectaculo&eventid=61390#compradias","System.Object[]","61390"
"A NIGHT WITH THE BEATLES","Sala Galileo Galilei","15,00€","System.Object[]","https://compras.abonoteatro.com/?pagename=espectaculo&eventid=91760#compradias","System.Object[]","91760"
"MUSEO LÁZARO GALDIANO","Museo Lázaro Galdiano","8,00€","System.Object[]","https://compras.abonoteatro.com/?pagename=espectaculo&eventid=246#compradias","System.Object[]","246"
"GOTERAS","Gran Teatro Pavón","18,00€","System.Object[]","https://compras.abonoteatro.com/?pagename=espectaculo&eventid=51255#compradias","System.Object[]","51255"
"MAKING COMEDY SHOW","Teatro Arlequín Gran Vía","15,00€","System.Object[]","https://compras.abonoteatro.com/?pagename=espectaculo&eventid=36997#compradias","System.Object[]","36997"
"LA AZOTEA","Teatro Arlequín Gran Vía","20,00€","System.Object[]","https://compras.abonoteatro.com/?pagename=espectaculo&eventid=29787#compradias","System.Object[]","29787"
"LOSER","Teatro Arlequín Gran Vía","15,00€","System.Object[]","https://compras.abonoteatro.com/?pagename=espectaculo&eventid=96696#compradias","System.Object[]","96696"
"CELESTINA EL BULULÚ","Corral Comedias Almagro (Ciudad Real)","25,00€","System.Object[]","https://compras.abonoteatro.com/?pagename=espectaculo&eventid=16292#compradias","System.Object[]","16292"
"Magia de cerca con el Mago Scott","Ambigú del Teatro Pavón","18,00€","System.Object[]","https://compras.abonoteatro.com/?pagename=espectaculo&eventid=87646#compradias","System.Object[]","87646"
"B VOCAL - EVOZLUTION","Teatro Serrano","19,00€","System.Object[]","https://compras.abonoteatro.com/?pagename=espectaculo&eventid=8836#compradias","System.Object[]","8836"
"Flashback Show Europa","Gran Teatro CaixaBank Príncipe Pío","35,00€","System.Object[]","https://compras.abonoteatro.com/?pagename=espectaculo&eventid=39757#compradias","System.Object[]","39757"
"ENTRENAMIENTO AL AIRE LIBRE PARA LA SALUD NIVEL PRINCIPIANTE","Restaurante El Urogallo","20,00€","System.Object[]","https://compras.abonoteatro.com/?pagename=espectaculo&eventid=9011#compradias","System.Object[]","9011"
"LOS SUEÑOS DE LA JIRAFA","Ambigú del Teatro Pavón","12,00€","System.Object[]","https://compras.abonoteatro.com/?pagename=espectaculo&eventid=97756#compradias","System.Object[]","97756"
"ÉRASE UNA VOZ, TRIBUTO A DISNEY","Palacio Neptuno","14,00€","System.Object[]","https://compras.abonoteatro.com/?pagename=espectaculo&eventid=12520#compradias","System.Object[]","12520"
"THE MAGIC COLOURS (Teatro en inglés)","Teatro San Pol","15,00€","System.Object[]","https://compras.abonoteatro.com/?pagename=espectaculo&eventid=33513#compradias","System.Object[]","33513"
"PAGAGNINI - YLLANA","Gran Teatro CaixaBank Príncipe Pío","22,00€","System.Object[]","https://compras.abonoteatro.com/?pagename=espectaculo&eventid=91991#compradias","System.Object[]","91991"
"LUIS ÁLVAREZ - EL LUGAR MÁS FELIZ DEL MUNDO","Gran Teatro CaixaBank Príncipe Pío","28,00€","System.Object[]","https://compras.abonoteatro.com/?pagename=espectaculo&eventid=52084#compradias","System.Object[]","52084"
"LA ROSA 14","Gran Teatro Pavón","20,00€","System.Object[]","https://compras.abonoteatro.com/?pagename=espectaculo&eventid=7108#compradias","System.Object[]","7108"
"RICARDO III","Gran Teatro Pavón","20,50€","System.Object[]","https://compras.abonoteatro.com/?pagename=espectaculo&eventid=46055#compradias","System.Object[]","46055"
"LET IT BE: UN VIAJE POR THE BEATLES","Palacio Neptuno","14,00€","System.Object[]","https://compras.abonoteatro.com/?pagename=espectaculo&eventid=17110#compradias","System.Object[]","17110"
"MÚSICA DE PELÍCULAS","Palacio Neptuno","14,00€","System.Object[]","https://compras.abonoteatro.com/?pagename=espectaculo&eventid=23336#compradias","System.Object[]","23336"
"CHEFS - YLLANA","Teatro Serrano","18,00€","System.Object[]","https://compras.abonoteatro.com/?pagename=espectaculo&eventid=62952#compradias","System.Object[]","62952"
"TRIBUTO A ELTON JOHN","Palacio Neptuno","14,00€","System.Object[]","https://compras.abonoteatro.com/?pagename=espectaculo&eventid=42282#compradias","System.Object[]","42282"
"DIVAS","Palacio Neptuno","14,00€","System.Object[]","https://compras.abonoteatro.com/?pagename=espectaculo&eventid=26102#compradias","System.Object[]","26102"
"DE PRÍNCIPES Y PRINCESAS","Palacio Neptuno","14,00€","System.Object[]","https://compras.abonoteatro.com/?pagename=espectaculo&eventid=63765#compradias","System.Object[]","63765"
"UN VIAJE POR COLDPLAY","Palacio Neptuno","14,00€","System.Object[]","https://compras.abonoteatro.com/?pagename=espectaculo&eventid=47447#compradias","System.Object[]","47447"
"LUDOVICO EXPERIENCE","Palacio Neptuno","14,00€","System.Object[]","https://compras.abonoteatro.com/?pagename=espectaculo&eventid=50263#compradias","System.Object[]","50263"
"EN VALLADOLID: La magia del hielo (Tributo a Frozen)","Teatro Cervantes (Valladolid)","16,50€","System.Object[]","https://compras.abonoteatro.com/?pagename=espectaculo&eventid=86854#compradias","System.Object[]","86854"
"DIVAS 2","Palacio Neptuno","14,00€","System.Object[]","https://compras.abonoteatro.com/?pagename=espectaculo&eventid=34902#compradias","System.Object[]","34902"
"Don Gil de las calzas verdes","Corral Comedias Almagro (Ciudad Real)","25,00€","System.Object[]","https://compras.abonoteatro.com/?pagename=espectaculo&eventid=95186#compradias","System.Object[]","95186"
"DIVOS (EN ESPAÑOL)","Palacio Neptuno","14,00€","System.Object[]","https://compras.abonoteatro.com/?pagename=espectaculo&eventid=30384#compradias","System.Object[]","30384"
"EN VALLADOLID: El nuevo musical de los 80/90","Teatro Cervantes (Valladolid)","0,00€","System.Object[]","https://compras.abonoteatro.com/?pagename=espectaculo&eventid=74083#compradias","System.Object[]","74083"
"R01 - DIME SI VAS A VENIR TOUR","Sala Villanos","19,80€","System.Object[]","https://compras.abonoteatro.com/?pagename=espectaculo&eventid=98748#compradias","System.Object[]","98748"
"LA POPTELERA","Sala Galileo Galilei","15,00€","System.Object[]","https://compras.abonoteatro.com/?pagename=espectaculo&eventid=63998#compradias","System.Object[]","63998"
"VIOLINÍSTICAS","Teatro Arlequín Gran Vía","15,00€","System.Object[]","https://compras.abonoteatro.com/?pagename=espectaculo&eventid=73359#compradias","System.Object[]","73359"
"EL AMOR Y MUCHO MATCH!","Teatro Arlequín Gran Vía","12,00€","System.Object[]","https://compras.abonoteatro.com/?pagename=espectaculo&eventid=67607#compradias","System.Object[]","67607"
"STAND UP MAGIC - DAVID ROY","Teatro Arlequín Gran Vía","15,00€","System.Object[]","https://compras.abonoteatro.com/?pagename=espectaculo&eventid=8337#compradias","System.Object[]","8337"
"WE LOVE DISCO – YLLANA","Gran Teatro CaixaBank Príncipe Pío","25,50€","System.Object[]","https://compras.abonoteatro.com/?pagename=espectaculo&eventid=40744#compradias","System.Object[]","40744"
"ROCK EN FAMILIA","Recinto Ferial de Leganés","10,00€","System.Object[]","https://compras.abonoteatro.com/?pagename=espectaculo&eventid=17920#compradias","System.Object[]","17920"
"LUIS ÁLVAREZ - EL DESPERTAR","Gran Teatro CaixaBank Príncipe Pío","31,50€","System.Object[]","https://compras.abonoteatro.com/?pagename=espectaculo&eventid=85050#compradias","System.Object[]","85050"
"EN VALLADOLID: GUERRERAS K-POP NUEVA GENERACIÓN (TRIBUTO)","Teatro Cervantes (Valladolid)","16,50€","System.Object[]","https://compras.abonoteatro.com/?pagename=espectaculo&eventid=14206#compradias","System.Object[]","14206"
"EN VALLADOLID: CABARET DESMADRE","Teatro Cervantes (Valladolid)","16,50€","System.Object[]","https://compras.abonoteatro.com/?pagename=espectaculo&eventid=48916#compradias","System.Object[]","48916"
"THE JAZZ ON FIVE","Sala Galileo Galilei","15,00€","System.Object[]","https://compras.abonoteatro.com/?pagename=espectaculo&eventid=95530#compradias","System.Object[]","95530"
"MAESTRISSIMO - YLLANA","Gran Teatro CaixaBank Príncipe Pío","22,00€","System.Object[]","https://compras.abonoteatro.com/?pagename=espectaculo&eventid=16328#compradias","System.Object[]","16328"
"ALICIA LOBO – HOLA NO ME LÍES","Teatro Arlequín Gran Vía","12,00€","System.Object[]","https://compras.abonoteatro.com/?pagename=espectaculo&eventid=19427#compradias","System.Object[]","19427"
"PIENSA EN WILBUR","Teatro Serrano","12,00€","System.Object[]","https://compras.abonoteatro.com/?pagename=espectaculo&eventid=68799#compradias","System.Object[]","68799"
"EL TENORIO EN 59 MINUTOS","Teatro Serrano","15,00€","System.Object[]","https://compras.abonoteatro.com/?pagename=espectaculo&eventid=79965#compradias","System.Object[]","79965"
"EL MONSTRUO DE WHITE ROSES","Gran Teatro Pavón","18,00€","System.Object[]","https://compras.abonoteatro.com/?pagename=espectaculo&eventid=1286#compradias","System.Object[]","1286"
"LUIS ÁLVAREZ- QUÉ RAZÓN TENÍA MI PADRE","Gran Teatro CaixaBank Príncipe Pío","28,00€","System.Object[]","https://compras.abonoteatro.com/?pagename=espectaculo&eventid=78609#compradias","System.Object[]","78609"
"TALLER GLOBOFLEXIA","Ambigú del Teatro Pavón","15,00€","System.Object[]","https://compras.abonoteatro.com/?pagename=espectaculo&eventid=88973#compradias","System.Object[]","88973"
"RUGIDOS DE BROADWAY","Teatro Arlequín Gran Vía","12,00€","System.Object[]","https://compras.abonoteatro.com/?pagename=espectaculo&eventid=88915#compradias","System.Object[]","88915"
"SWING MACHINE ORCHESTRA","Sala Galileo Galilei","15,00€","System.Object[]","https://compras.abonoteatro.com/?pagename=espectaculo&eventid=49024#compradias","System.Object[]","49024"
"CORIA CASTILLO – A QUIÉN NO LE VA A GUSTAR","Teatro Arlequín Gran Vía","12,00€","System.Object[]","https://compras.abonoteatro.com/?pagename=espectaculo&eventid=91581#compradias","System.Object[]","91581"
"VOILÁ","Teatro Marquina","15,00€","System.Object[]","https://compras.abonoteatro.com/?pagename=espectaculo&eventid=65571#compradias","System.Object[]","65571"
"AQUOPOLIS VILLANUEVA DE LA CAÑADA","Aquopolis","22,90€","System.Object[]","https://compras.abonoteatro.com/?pagename=espectaculo&eventid=51611#compradias","System.Object[]","51611"
"PEGAO - MADRID 2026","La Cubierta de Leganés","15,00€","System.Object[]","https://compras.abonoteatro.com/?pagename=espectaculo&eventid=33566#compradias","System.Object[]","33566"
"PABLO NAVARRO & THE BRASS BAND","Gran Teatro CaixaBank Príncipe Pío","20,00€","System.Object[]","https://compras.abonoteatro.com/?pagename=espectaculo&eventid=14156#compradias","System.Object[]","14156"
"EL CULPABLE - JUAN SOLO","Teatro Marquina","15,00€","System.Object[]","https://compras.abonoteatro.com/?pagename=espectaculo&eventid=89577#compradias","System.Object[]","89577"
"TALLER GLOBOFLEXIA PARA ADULTOS","Ambigú del Teatro Pavón","15,00€","System.Object[]","https://compras.abonoteatro.com/?pagename=espectaculo&eventid=67356#compradias","System.Object[]","67356"
"A CONTRACORRIENTE - TRIBUTO PEREZA Y LEIVA","Sala Galileo Galilei","15,00€","System.Object[]","https://compras.abonoteatro.com/?pagename=espectaculo&eventid=18741#compradias","System.Object[]","18741"
"TRIBUTO A RICARDO ARJONA","Teatro Marquina","15,00€","System.Object[]","https://compras.abonoteatro.com/?pagename=espectaculo&eventid=26671#compradias","System.Object[]","26671"
"PUÑOS DE HARINA","Gran Teatro Pavón","18,00€","System.Object[]","https://compras.abonoteatro.com/?pagename=espectaculo&eventid=39724#compradias","System.Object[]","39724"
"TRIBUTO JULIO IGLESIAS","Teatro Marquina","15,00€","System.Object[]","https://compras.abonoteatro.com/?pagename=espectaculo&eventid=65212#compradias","System.Object[]","65212"
"FLAMENC OH! – YLLANA","Gran Teatro CaixaBank Príncipe Pío","22,00€","System.Object[]","https://compras.abonoteatro.com/?pagename=espectaculo&eventid=82722#compradias","System.Object[]","82722"
"MAMMA MÍA! QUE TRIBUTO - ABBA","Teatro Marquina","15,00€","System.Object[]","https://compras.abonoteatro.com/?pagename=espectaculo&eventid=84395#compradias","System.Object[]","84395"
"LA LOCA HISTORIA DE LA LITERATURA","Teatro Serrano","18,00€","System.Object[]","https://compras.abonoteatro.com/?pagename=espectaculo&eventid=34445#compradias","System.Object[]","34445"
"LA CELESTINA","Teatro Serrano","18,00€","System.Object[]","https://compras.abonoteatro.com/?pagename=espectaculo&eventid=5636#compradias","System.Object[]","5636"
"TRIBUTO SERGIO DALMA","Teatro Marquina","15,00€","System.Object[]","https://compras.abonoteatro.com/?pagename=espectaculo&eventid=53202#compradias","System.Object[]","53202"
"EL BAÚL MÁGICO - TRIBUTO A DISNEY","Teatro Marquina","15,00€","System.Object[]","https://compras.abonoteatro.com/?pagename=espectaculo&eventid=62521#compradias","System.Object[]","62521"
"TRIBUTO TINA TURNER","Teatro Marquina","15,00€","System.Object[]","https://compras.abonoteatro.com/?pagename=espectaculo&eventid=55127#compradias","System.Object[]","55127"
"LUIS ÁLVAREZ - EL PROPÓSITO DE TU VIDA","Gran Teatro CaixaBank Príncipe Pío","28,00€","System.Object[]","https://compras.abonoteatro.com/?pagename=espectaculo&eventid=72812#compradias","System.Object[]","72812"
"TRIBUTO A RAFFAELLA CARRÁ","Teatro Marquina","15,00€","System.Object[]","https://compras.abonoteatro.com/?pagename=espectaculo&eventid=38141#compradias","System.Object[]","38141"
"THE OPERA LOCOS - YLLANA","Gran Teatro CaixaBank Príncipe Pío","22,00€","System.Object[]","https://compras.abonoteatro.com/?pagename=espectaculo&eventid=69961#compradias","System.Object[]","69961"
"SALSA & BACHATA","Teatro Marquina","15,00€","System.Object[]","https://compras.abonoteatro.com/?pagename=espectaculo&eventid=32847#compradias","System.Object[]","32847"
"LO MEJOR DE YLLANA","Gran Teatro Pavón","15,00€","System.Object[]","https://compras.abonoteatro.com/?pagename=espectaculo&eventid=73446#compradias","System.Object[]","73446"
"LUIS ÁLVAREZ - CÓMO LLEGAR AL CIELO","Gran Teatro CaixaBank Príncipe Pío","28,00€","System.Object[]","https://compras.abonoteatro.com/?pagename=espectaculo&eventid=82011#compradias","System.Object[]","82011"
"EL CABALLERO INCIERTO","Gran Teatro Pavón","15,00€","System.Object[]","https://compras.abonoteatro.com/?pagename=espectaculo&eventid=13254#compradias","System.Object[]","13254"
"LA REGENTA","Teatro Serrano","18,00€","System.Object[]","https://compras.abonoteatro.com/?pagename=espectaculo&eventid=72617#compradias","System.Object[]","72617"
"SOUL CASTIZO","Sala Galileo Galilei","15,00€","System.Object[]","https://compras.abonoteatro.com/?pagename=espectaculo&eventid=367#compradias","System.Object[]","367"
"WE WILL ROCK YOU, el musical","Gran Teatro CaixaBank Príncipe Pío","44,90€","System.Object[]","https://compras.abonoteatro.com/?pagename=espectaculo&eventid=31734#compradias","System.Object[]","31734"
"101 DÁLMATAS","Gran Teatro CaixaBank Príncipe Pío","44,90€","System.Object[]","https://compras.abonoteatro.com/?pagename=espectaculo&eventid=97484#compradias","System.Object[]","97484"
"CALLAS EN CONCIERTO","Gran Teatro CaixaBank Príncipe Pío","18,00€","System.Object[]","https://compras.abonoteatro.com/?pagename=espectaculo&eventid=42697#compradias","System.Object[]","42697"
"WHITNEY HOUSTON HOLOGRAM TOUR","Gran Teatro CaixaBank Príncipe Pío","18,00€","System.Object[]","https://compras.abonoteatro.com/?pagename=espectaculo&eventid=2328#compradias","System.Object[]","2328"
"YELMO CINES ESPAÑA","Yelmo Cines","9,90€","System.Object[]","https://compras.abonoteatro.com/?pagename=espectaculo&eventid=722#compradias","System.Object[]","722"
"CINESA ESPAÑA","Cinesa","8,90€","System.Object[]","https://compras.abonoteatro.com/?pagename=espectaculo&eventid=409#compradias","System.Object[]","409"
"JAQUE A LO IMPOSIBLE","Sala Houdini","18,00€","System.Object[]","https://compras.abonoteatro.com/?pagename=espectaculo&eventid=3352#compradias","System.Object[]","3352"
"Micro abierto recién horneado","Platea Café Teatro Rivas-Vaciamadrid","14,00€","System.Object[]","https://compras.abonoteatro.com/?pagename=espectaculo&eventid=53869#compradias","System.Object[]","53869"
"Disney: The Exhibition. 100 años de magia","Fundación Canal - Sala Castellana 214","19,90€","System.Object[]","https://compras.abonoteatro.com/?pagename=espectaculo&eventid=58627#compradias","System.Object[]","58627"
"SWEET SPACE MUSEUM - MAYO","SWEET SPACE MUSEUM","12,65€","System.Object[]","https://compras.abonoteatro.com/?pagename=espectaculo&eventid=35249#compradias","System.Object[]","35249"
"Madame Blablasky","OFF Latina","12,00€","System.Object[]","https://compras.abonoteatro.com/?pagename=espectaculo&eventid=62801#compradias","System.Object[]","62801"
"Magia a lo loco","Teatro Escondido Gran Vía","18,00€","System.Object[]","https://compras.abonoteatro.com/?pagename=espectaculo&eventid=79208#compradias","System.Object[]","79208"
"Un Show de Magia","El Corral de Lope","12,00€","System.Object[]","https://compras.abonoteatro.com/?pagename=espectaculo&eventid=76318#compradias","System.Object[]","76318"
"Los Monólogos de Huertas","La Parroquia del Humor","16,00€","System.Object[]","https://compras.abonoteatro.com/?pagename=espectaculo&eventid=26445#compradias","System.Object[]","26445"
"La Otra Movida Comedy","La Otra Movida","16,00€","System.Object[]","https://compras.abonoteatro.com/?pagename=espectaculo&eventid=11619#compradias","System.Object[]","11619"
"ESSENTIAL FLAMENCO","Teatro Tablao Flamenco Torero","25,00€","System.Object[]","https://compras.abonoteatro.com/?pagename=espectaculo&eventid=67535#compradias","System.Object[]","67535"
"LA PIRATA LOLA","OFF Latina","9,00€","System.Object[]","https://compras.abonoteatro.com/?pagename=espectaculo&eventid=65963#compradias","System.Object[]","65963"
"Comedia en Chamberí","Bleco Club","16,00€","System.Object[]","https://compras.abonoteatro.com/?pagename=espectaculo&eventid=48996#compradias","System.Object[]","48996"
"MAMÁ YA NO PAGA EL ALQUILER","Bleco Club","16,00€","System.Object[]","https://compras.abonoteatro.com/?pagename=espectaculo&eventid=12006#compradias","System.Object[]","12006"
"MAGICOMEDIA","COLLAGE Burlesque","14,00€","System.Object[]","https://compras.abonoteatro.com/?pagename=espectaculo&eventid=29138#compradias","System.Object[]","29138"
"Tampoco es para tanto, en Huertas","La Parroquia del Humor","16,00€","System.Object[]","https://compras.abonoteatro.com/?pagename=espectaculo&eventid=19710#compradias","System.Object[]","19710"
"El tardeo de la Comedia","La Otra Movida","16,00€","System.Object[]","https://compras.abonoteatro.com/?pagename=espectaculo&eventid=96876#compradias","System.Object[]","96876"
"FUGAZ, POR JAVIER LUXOR","OFF Latina","12,00€","System.Object[]","https://compras.abonoteatro.com/?pagename=espectaculo&eventid=4003#compradias","System.Object[]","4003"
"La Parada Comedy CLUB","Parada 42","16,00€","System.Object[]","https://compras.abonoteatro.com/?pagename=espectaculo&eventid=91259#compradias","System.Object[]","91259"
"Noche de Cómicas, en Atocha","Parada 42","16,00€","System.Object[]","https://compras.abonoteatro.com/?pagename=espectaculo&eventid=94880#compradias","System.Object[]","94880"
"Dos Gordos muy Grasiosos, en La Otra Movida","La Otra Movida","16,00€","System.Object[]","https://compras.abonoteatro.com/?pagename=espectaculo&eventid=28219#compradias","System.Object[]","28219"
"CHAS!","Teatro de las Aguas","12,00€","System.Object[]","https://compras.abonoteatro.com/?pagename=espectaculo&eventid=17054#compradias","System.Object[]","17054"
"THE NIGHTMARE BIRTHDAY SURPRISE","Sala Komodia","10,00€","System.Object[]","https://compras.abonoteatro.com/?pagename=espectaculo&eventid=9369#compradias","System.Object[]","9369"
"TOUR ARANJUEZ NOCTURNO MISTERIOS Y LEYENDAS","Aranjuez","12,00€","System.Object[]","https://compras.abonoteatro.com/?pagename=espectaculo&eventid=73758#compradias","System.Object[]","73758"
"JOSEBA","Platea Café Teatro Rivas-Vaciamadrid","14,00€","System.Object[]","https://compras.abonoteatro.com/?pagename=espectaculo&eventid=3481#compradias","System.Object[]","3481"
"Las Encantadoras Ilusiones","La Caníbal Fábrica de Cerveza","12,00€","System.Object[]","https://compras.abonoteatro.com/?pagename=espectaculo&eventid=41785#compradias","System.Object[]","41785"
"Dos Gordos muy Grasiosos en la Parroquia del Humor","La Parroquia del Humor","16,00€","System.Object[]","https://compras.abonoteatro.com/?pagename=espectaculo&eventid=41633#compradias","System.Object[]","41633"
"Monólogos en San Sebastián de los Reyes","Monkey Rock","16,00€","System.Object[]","https://compras.abonoteatro.com/?pagename=espectaculo&eventid=55882#compradias","System.Object[]","55882"
"Adictos a la Comedia en San Sebastián de los Reyes","Monkey Rock","16,00€","System.Object[]","https://compras.abonoteatro.com/?pagename=espectaculo&eventid=96057#compradias","System.Object[]","96057"
"VETERINARIO: un show de Comedia, muy animal","Monkey Rock","18,00€","System.Object[]","https://compras.abonoteatro.com/?pagename=espectaculo&eventid=41593#compradias","System.Object[]","41593"
"ALUCINANTE","Sala Houdini","18,00€","System.Object[]","https://compras.abonoteatro.com/?pagename=espectaculo&eventid=3477#compradias","System.Object[]","3477"
"ASTROLOGÍA APLICADA","Centro de Bienestar Vidaes","20,00€","System.Object[]","https://compras.abonoteatro.com/?pagename=espectaculo&eventid=80999#compradias","System.Object[]","80999"
"La Noche de los camareros en Parada 42","Parada 42","16,00€","System.Object[]","https://compras.abonoteatro.com/?pagename=espectaculo&eventid=63528#compradias","System.Object[]","63528"
"Kabraloker","La Otra Movida","16,00€","System.Object[]","https://compras.abonoteatro.com/?pagename=espectaculo&eventid=12765#compradias","System.Object[]","12765"
"UMAI Music Sessions: VOCES EN DIRECTO","ESPACIO BROADWAY","10,00€","System.Object[]","https://compras.abonoteatro.com/?pagename=espectaculo&eventid=50182#compradias","System.Object[]","50182"
"Soy un Kiwi, en La Otra Movida","La Otra Movida","16,00€","System.Object[]","https://compras.abonoteatro.com/?pagename=espectaculo&eventid=89777#compradias","System.Object[]","89777"
"¡IMPOSIBLE! JAVIER LUXOR","OFF Latina","16,00€","System.Object[]","https://compras.abonoteatro.com/?pagename=espectaculo&eventid=3992#compradias","System.Object[]","3992"
"LAS GAYSHAS","OFF Latina","14,00€","System.Object[]","https://compras.abonoteatro.com/?pagename=espectaculo&eventid=55087#compradias","System.Object[]","55087"
"OFF MAN","SOJO Laboratorio Teatral","10,99€","System.Object[]","https://compras.abonoteatro.com/?pagename=espectaculo&eventid=94677#compradias","System.Object[]","94677"
"LO DE LOS MONÓLOGOS","Teatro Escondido Gran Vía","14,00€","System.Object[]","https://compras.abonoteatro.com/?pagename=espectaculo&eventid=34973#compradias","System.Object[]","34973"
"Tierras Raras","Sala Komodia","12,00€","System.Object[]","https://compras.abonoteatro.com/?pagename=espectaculo&eventid=44335#compradias","System.Object[]","44335"
"HOTEL DESEO","Espacio Gran Vía","15,00€","System.Object[]","https://compras.abonoteatro.com/?pagename=espectaculo&eventid=35003#compradias","System.Object[]","35003"
"TABLAO OPERA FLAMENCA","TABLAO OPERA FLAMENCA","15,00€","System.Object[]","https://compras.abonoteatro.com/?pagename=espectaculo&eventid=50034#compradias","System.Object[]","50034"
"PalabrerIA","Teatro Escondido Gran Vía","18,00€","System.Object[]","https://compras.abonoteatro.com/?pagename=espectaculo&eventid=14917#compradias","System.Object[]","14917"
"VESPERA, CABARET ERÓTICO","AXEL HOTEL MADRID","20,00€","System.Object[]","https://compras.abonoteatro.com/?pagename=espectaculo&eventid=38743#compradias","System.Object[]","38743"
"Huertas Comedy Open Mic","La Parroquia del Humor","16,00€","System.Object[]","https://compras.abonoteatro.com/?pagename=espectaculo&eventid=92202#compradias","System.Object[]","92202"
"Carlos Martínez en Platea","Platea Café Teatro Rivas-Vaciamadrid","14,00€","System.Object[]","https://compras.abonoteatro.com/?pagename=espectaculo&eventid=45871#compradias","System.Object[]","45871"
"Monólogo - Nacho.G VIVO ENTRE MUJERES","Platea Café Teatro Rivas-Vaciamadrid","14,00€","System.Object[]","https://compras.abonoteatro.com/?pagename=espectaculo&eventid=62777#compradias","System.Object[]","62777"
"A TODO RITMO","ESPACIO BROADWAY","15,00€","System.Object[]","https://compras.abonoteatro.com/?pagename=espectaculo&eventid=14200#compradias","System.Object[]","14200"
"ESPECIAL DE PAREJAS CON EL MAGIOSO","Estación Comedy","10,00€","System.Object[]","https://compras.abonoteatro.com/?pagename=espectaculo&eventid=25916#compradias","System.Object[]","25916"
"EN BUSCA DEL OSCAR","Teatro de las Aguas","12,00€","System.Object[]","https://compras.abonoteatro.com/?pagename=espectaculo&eventid=85214#compradias","System.Object[]","85214"
"Tampoco es para tanto, en Atocha","Parada 42","16,00€","System.Object[]","https://compras.abonoteatro.com/?pagename=espectaculo&eventid=24818#compradias","System.Object[]","24818"
"EL RESCATE","OFF Latina","12,00€","System.Object[]","https://compras.abonoteatro.com/?pagename=espectaculo&eventid=58483#compradias","System.Object[]","58483"
"MILF (Mujer, Inteligente, Libre y Feliz)","Teatro Escondido Gran Vía","15,00€","System.Object[]","https://compras.abonoteatro.com/?pagename=espectaculo&eventid=65010#compradias","System.Object[]","65010"
"Yo solo quería un pancito - Tati Cirese","Teatro Escondido Gran Vía","15,00€","System.Object[]","https://compras.abonoteatro.com/?pagename=espectaculo&eventid=44066#compradias","System.Object[]","44066"
"NO ES LO QUE PARECE","Teseo Teatro","12,00€","System.Object[]","https://compras.abonoteatro.com/?pagename=espectaculo&eventid=7924#compradias","System.Object[]","7924"
"TANIA RUZS - VOCES QUE TRANSFORMAN","OFF Latina","12,00€","System.Object[]","https://compras.abonoteatro.com/?pagename=espectaculo&eventid=88347#compradias","System.Object[]","88347"
"34 FORMAS DE DECIR TE QUIERO","SOJO Laboratorio Teatral","10,99€","System.Object[]","https://compras.abonoteatro.com/?pagename=espectaculo&eventid=29014#compradias","System.Object[]","29014"
"¡CANTA BINGO!","Espacio Gran Vía","15,00€","System.Object[]","https://compras.abonoteatro.com/?pagename=espectaculo&eventid=4823#compradias","System.Object[]","4823"
"PURO IMPOSIBLE","Sala Houdini","18,00€","System.Object[]","https://compras.abonoteatro.com/?pagename=espectaculo&eventid=3353#compradias","System.Object[]","3353"
"NOCHE DE COÑOS","ESPACIO BROADWAY","15,00€","System.Object[]","https://compras.abonoteatro.com/?pagename=espectaculo&eventid=11488#compradias","System.Object[]","11488"
"PROBANDO EL MATERIAL","Estación Comedy","10,00€","System.Object[]","https://compras.abonoteatro.com/?pagename=espectaculo&eventid=4261#compradias","System.Object[]","4261"
"Sujétame el Micrófono","La Otra Movida","16,00€","System.Object[]","https://compras.abonoteatro.com/?pagename=espectaculo&eventid=93650#compradias","System.Object[]","93650"
"MAGIA, HUMOR Y LO QUE SURJA","Sala Houdini","20,00€","System.Object[]","https://compras.abonoteatro.com/?pagename=espectaculo&eventid=3603#compradias","System.Object[]","3603"
"EXTASIS, erotic gay cabaret show","AXEL HOTEL MADRID","15,00€","System.Object[]","https://compras.abonoteatro.com/?pagename=espectaculo&eventid=54778#compradias","System.Object[]","54778"
"TOUR POR EL PASAJE DE LA LUZ - MADRID","Plaza Cibeles (Puerta del Ayuntamiento)","12,50€","System.Object[]","https://compras.abonoteatro.com/?pagename=espectaculo&eventid=50854#compradias","System.Object[]","50854"
"TALLER DE MAGIA EN FAMILIA","El Corral de Lope","15,00€","System.Object[]","https://compras.abonoteatro.com/?pagename=espectaculo&eventid=77468#compradias","System.Object[]","77468"
"MUSEO DE LA MAGIA - VISITA GUIADA CON MAGIA","Leyendas de la Magia (Aranjuez)","12,00€","System.Object[]","https://compras.abonoteatro.com/?pagename=espectaculo&eventid=93466#compradias","System.Object[]","93466"
"AVENTURAS DE PIRATAS","Teatro de las Aguas","8,00€","System.Object[]","https://compras.abonoteatro.com/?pagename=espectaculo&eventid=12856#compradias","System.Object[]","12856"
"Peter vs Garfio","Sala Komodia","8,00€","System.Object[]","https://compras.abonoteatro.com/?pagename=espectaculo&eventid=96399#compradias","System.Object[]","96399"
"LA MANSIÓN ENCANTADA... DE CONOCERTE.","Cines MK2 Palacio Hielo Eventos","10,00€","System.Object[]","https://compras.abonoteatro.com/?pagename=espectaculo&eventid=25037#compradias","System.Object[]","25037"
"DIABLURAS por David ASecAS","Sala Houdini","22,00€","System.Object[]","https://compras.abonoteatro.com/?pagename=espectaculo&eventid=72587#compradias","System.Object[]","72587"
"Tour por San Lorenzo del Escorial","Ayuntamiento de San Lorenzo de El Escorial","12,50€","System.Object[]","https://compras.abonoteatro.com/?pagename=espectaculo&eventid=68226#compradias","System.Object[]","68226"
"HABLA, HABLÓ, HABLÉ","SOJO Laboratorio Teatral","10,99€","System.Object[]","https://compras.abonoteatro.com/?pagename=espectaculo&eventid=33962#compradias","System.Object[]","33962"
"EN MÁLAGA: TOUR MÁLAGA HISTÓRICA","Monumento al Marqués de Larios (Málaga)","18,00€","System.Object[]","https://compras.abonoteatro.com/?pagename=espectaculo&eventid=94602#compradias","System.Object[]","94602"
"Ilusos Magos","Platea Café Teatro Rivas-Vaciamadrid","14,00€","System.Object[]","https://compras.abonoteatro.com/?pagename=espectaculo&eventid=83741#compradias","System.Object[]","83741"
"MAGILOCURAS 3.0","Sala Houdini","15,00€","System.Object[]","https://compras.abonoteatro.com/?pagename=espectaculo&eventid=26718#compradias","System.Object[]","26718"
"MAGIA VS CIENCIA","Teatro Escondido Gran Vía","15,00€","System.Object[]","https://compras.abonoteatro.com/?pagename=espectaculo&eventid=12987#compradias","System.Object[]","12987"
"Vermú y Jaleo: copla, folklore y hora feliz de vermú","ESPACIO BROADWAY","15,00€","System.Object[]","https://compras.abonoteatro.com/?pagename=espectaculo&eventid=50729#compradias","System.Object[]","50729"
"Huertas Comedy Show","La Parroquia del Humor","16,00€","System.Object[]","https://compras.abonoteatro.com/?pagename=espectaculo&eventid=63474#compradias","System.Object[]","63474"
"Monólogos al Vermut","La Parroquia del Humor","16,00€","System.Object[]","https://compras.abonoteatro.com/?pagename=espectaculo&eventid=439#compradias","System.Object[]","439"
"La Hora del Vermut","La Otra Movida","16,00€","System.Object[]","https://compras.abonoteatro.com/?pagename=espectaculo&eventid=524#compradias","System.Object[]","524"
"Sujétame el Micrófono en Huertas","La Parroquia del Humor","16,00€","System.Object[]","https://compras.abonoteatro.com/?pagename=espectaculo&eventid=76020#compradias","System.Object[]","76020"
"La vida me importa un huevo, en La Otra Movida","La Otra Movida","16,00€","System.Object[]","https://compras.abonoteatro.com/?pagename=espectaculo&eventid=9227#compradias","System.Object[]","9227"
"Crea tu mascota de limpiapipas: taller en familia","El Corral de Lope","15,00€","System.Object[]","https://compras.abonoteatro.com/?pagename=espectaculo&eventid=17550#compradias","System.Object[]","17550"
"GLORIAS BENDITAS","OFF Latina","12,00€","System.Object[]","https://compras.abonoteatro.com/?pagename=espectaculo&eventid=96421#compradias","System.Object[]","96421"
"El Principito , un viaje musical","Teatro Salesianos Estrecho","15,00€","System.Object[]","https://compras.abonoteatro.com/?pagename=espectaculo&eventid=83222#compradias","System.Object[]","83222"
"Malasaña Comedy Show","La Parroquia del Humor","16,00€","System.Object[]","https://compras.abonoteatro.com/?pagename=espectaculo&eventid=39910#compradias","System.Object[]","39910"
"BINGO RISA","Platea Café Teatro Rivas-Vaciamadrid","14,00€","System.Object[]","https://compras.abonoteatro.com/?pagename=espectaculo&eventid=38372#compradias","System.Object[]","38372"
"ROCÍO DÚRCAL: TRIBUTO A UNA LEYENDA","ESPACIO BROADWAY","12,00€","System.Object[]","https://compras.abonoteatro.com/?pagename=espectaculo&eventid=81288#compradias","System.Object[]","81288"
"ESTO ES HOLLYWOOD","Espacio Gran Vía","15,00€","System.Object[]","https://compras.abonoteatro.com/?pagename=espectaculo&eventid=88421#compradias","System.Object[]","88421"
"COMEDIA BARATA, un monólogo de Tulum Bayúgar","ESPACIO BROADWAY","15,00€","System.Object[]","https://compras.abonoteatro.com/?pagename=espectaculo&eventid=76317#compradias","System.Object[]","76317"
"EL REENCUENTRO","Teatro de las Aguas","12,00€","System.Object[]","https://compras.abonoteatro.com/?pagename=espectaculo&eventid=68003#compradias","System.Object[]","68003"
"Alex Ruiz: Mentalismo y misterio en la Gran Vía","Teatro Escondido Gran Vía","22,00€","System.Object[]","https://compras.abonoteatro.com/?pagename=espectaculo&eventid=23816#compradias","System.Object[]","23816"
"El Rey de Trebol - Magia de cerca","Sala Houdini","16,00€","System.Object[]","https://compras.abonoteatro.com/?pagename=espectaculo&eventid=28609#compradias","System.Object[]","28609"
"NANANDO","Sala de Teatro Bululú2120","12,00€","System.Object[]","https://compras.abonoteatro.com/?pagename=espectaculo&eventid=25633#compradias","System.Object[]","25633"
"MICROASCOS","La Otra Movida","16,00€","System.Object[]","https://compras.abonoteatro.com/?pagename=espectaculo&eventid=5614#compradias","System.Object[]","5614"
"Mari ¿qué?","La Parroquia del Humor","16,00€","System.Object[]","https://compras.abonoteatro.com/?pagename=espectaculo&eventid=77245#compradias","System.Object[]","77245"
"SI NO LO VEO, NO LO CREO","Sala Houdini","18,00€","System.Object[]","https://compras.abonoteatro.com/?pagename=espectaculo&eventid=85808#compradias","System.Object[]","85808"
"Tarde de Hipnosis","Casa Zamora","15,00€","System.Object[]","https://compras.abonoteatro.com/?pagename=espectaculo&eventid=82990#compradias","System.Object[]","82990"
"YA VERÁS","OFF Latina","16,00€","System.Object[]","https://compras.abonoteatro.com/?pagename=espectaculo&eventid=43217#compradias","System.Object[]","43217"
"SERVICIO DE HABITACIONES","AXEL HOTEL MADRID","15,00€","System.Object[]","https://compras.abonoteatro.com/?pagename=espectaculo&eventid=18178#compradias","System.Object[]","18178"
"PLAN B","Sala Komodia","12,00€","System.Object[]","https://compras.abonoteatro.com/?pagename=espectaculo&eventid=14953#compradias","System.Object[]","14953"
"CRONOMETRADAS","SOJO Laboratorio Teatral","12,00€","System.Object[]","https://compras.abonoteatro.com/?pagename=espectaculo&eventid=7703#compradias","System.Object[]","7703"
"La Vida me importa un Huevo, en Atocha","Parada 42","16,00€","System.Object[]","https://compras.abonoteatro.com/?pagename=espectaculo&eventid=21766#compradias","System.Object[]","21766"
"AL BORDE DE LA QUIEBRA","OFF Latina","16,00€","System.Object[]","https://compras.abonoteatro.com/?pagename=espectaculo&eventid=85361#compradias","System.Object[]","85361"
"TINTA ROSA, EL MUSICAL SOLIDARIO","Teatro Salesianos Estrecho","20,00€","System.Object[]","https://compras.abonoteatro.com/?pagename=espectaculo&eventid=69095#compradias","System.Object[]","69095"
"Rebobinando Cassette","Xatafy (Getafe)","10,00€","System.Object[]","https://compras.abonoteatro.com/?pagename=espectaculo&eventid=35371#compradias","System.Object[]","35371"
"Tablao Flamenco - Vallekas Flamenka","Taberna Flamenca El Cortijo","18,00€","System.Object[]","https://compras.abonoteatro.com/?pagename=espectaculo&eventid=90239#compradias","System.Object[]","90239"
"Oniria: Hipnosis con Alex Ruiz","Teatro Escondido Gran Vía","20,00€","System.Object[]","https://compras.abonoteatro.com/?pagename=espectaculo&eventid=26386#compradias","System.Object[]","26386"
"EL JUEGO DE LA MENTE - Magia mental con ARIEL HAMUI","Teatro Escondido Gran Vía","12,00€","System.Object[]","https://compras.abonoteatro.com/?pagename=espectaculo&eventid=42213#compradias","System.Object[]","42213"
"Magia de Cerca…muy de Cerca","Sala Houdini","15,00€","System.Object[]","https://compras.abonoteatro.com/?pagename=espectaculo&eventid=72992#compradias","System.Object[]","72992"
"GIRL POWER, Tributo a las divas del momento","Espacio Gran Vía","15,00€","System.Object[]","https://compras.abonoteatro.com/?pagename=espectaculo&eventid=88205#compradias","System.Object[]","88205"
"Lo de Menos es el Nombre en La Otra Movida","La Otra Movida","16,00€","System.Object[]","https://compras.abonoteatro.com/?pagename=espectaculo&eventid=57472#compradias","System.Object[]","57472"
"Sin secuelas aparentes","Parada 42","16,00€","System.Object[]","https://compras.abonoteatro.com/?pagename=espectaculo&eventid=94151#compradias","System.Object[]","94151"
"ME VEO EN WALLAPOP - DIEGO ARJONA","Sala Houdini","18,00€","System.Object[]","https://compras.abonoteatro.com/?pagename=espectaculo&eventid=45078#compradias","System.Object[]","45078"
"ESTÁN TODOS AQUÍ","SOJO Laboratorio Teatral","11,99€","System.Object[]","https://compras.abonoteatro.com/?pagename=espectaculo&eventid=50846#compradias","System.Object[]","50846"
"BIRRAS Y RISAS","Artizanale","10,00€","System.Object[]","https://compras.abonoteatro.com/?pagename=espectaculo&eventid=64679#compradias","System.Object[]","64679"
"LA FLOR DE LA HABANA","Teatro de las Aguas","12,00€","System.Object[]","https://compras.abonoteatro.com/?pagename=espectaculo&eventid=44404#compradias","System.Object[]","44404"
"Experiencia","Estación Comedy","10,00€","System.Object[]","https://compras.abonoteatro.com/?pagename=espectaculo&eventid=82768#compradias","System.Object[]","82768"
"Si te Ríes: ¡Gano! - Concurso de Monólogos","La Otra Movida","16,00€","System.Object[]","https://compras.abonoteatro.com/?pagename=espectaculo&eventid=81920#compradias","System.Object[]","81920"
"TODO EL ROLLO, tributo a 80\'s y 90\'s","Teatro Salesianos Estrecho","12,00€","System.Object[]","https://compras.abonoteatro.com/?pagename=espectaculo&eventid=41219#compradias","System.Object[]","41219"
"EL BAILE","OFF Latina","14,00€","System.Object[]","https://compras.abonoteatro.com/?pagename=espectaculo&eventid=45460#compradias","System.Object[]","45460"
"La Voz de Nueva York: tributo a los clásicos americanos","Espacio Gran Vía","15,00€","System.Object[]","https://compras.abonoteatro.com/?pagename=espectaculo&eventid=35548#compradias","System.Object[]","35548"
"Noches encendidas: la música de cerca en Espacio Broadway","ESPACIO BROADWAY","15,00€","System.Object[]","https://compras.abonoteatro.com/?pagename=espectaculo&eventid=83475#compradias","System.Object[]","83475"
"EN FUENGIROLA: MK2 CINESUR MIRAMAR","mk2 Cinesur Miramar Fuengirola","9,00€","System.Object[]","https://compras.abonoteatro.com/?pagename=espectaculo&eventid=83251#compradias","System.Object[]","83251"
"EN VÉLEZ-MÁLAGA: MK2 CINESUR EL INGENIO","mk2 Cinesur El Ingenio","9,00€","System.Object[]","https://compras.abonoteatro.com/?pagename=espectaculo&eventid=22429#compradias","System.Object[]","22429"
"TALLER MEDITACIÓN PARA EL BIENESTAR EMOCIONAL","Centro de Bienestar Vidaes","20,00€","System.Object[]","https://compras.abonoteatro.com/?pagename=espectaculo&eventid=64553#compradias","System.Object[]","64553"
"EN TOLEDO: CINESUR LUZ DEL TAJO","Centro Comercial Luz del Tajo","9,00€","System.Object[]","https://compras.abonoteatro.com/?pagename=espectaculo&eventid=1122#compradias","System.Object[]","1122"
"mk2 Cine Paz","mk2 Cine Paz","10,50€","System.Object[]","https://compras.abonoteatro.com/?pagename=espectaculo&eventid=96865#compradias","System.Object[]","96865"
"La noche de los camareros, en Huertas","La Parroquia del Humor","16,00€","System.Object[]","https://compras.abonoteatro.com/?pagename=espectaculo&eventid=30841#compradias","System.Object[]","30841"
"Comedia a las 6","La Parroquia del Humor","16,00€","System.Object[]","https://compras.abonoteatro.com/?pagename=espectaculo&eventid=23362#compradias","System.Object[]","23362"
"TRIBUTO A CRISTIAN CASTRO","Espacio Gran Vía","15,00€","System.Object[]","https://compras.abonoteatro.com/?pagename=espectaculo&eventid=35002#compradias","System.Object[]","35002"
"Croquetas de Cocido","La Parroquia del Humor","16,00€","System.Object[]","https://compras.abonoteatro.com/?pagename=espectaculo&eventid=98034#compradias","System.Object[]","98034"
"Sesión exclusiva: LA NOCHE MÁS CORTA","Cines MK2 Palacio Hielo Eventos","9,50€","System.Object[]","https://compras.abonoteatro.com/?pagename=espectaculo&eventid=20100#compradias","System.Object[]","20100"
"P*tos Lunes","Espacio Gran Vía","13,00€","System.Object[]","https://compras.abonoteatro.com/?pagename=espectaculo&eventid=69575#compradias","System.Object[]","69575"
"TAROT COMEDY","Espacio Gran Vía","15,00€","System.Object[]","https://compras.abonoteatro.com/?pagename=espectaculo&eventid=23370#compradias","System.Object[]","23370"
"REINICIANDO","Teatro de las Aguas","12,00€","System.Object[]","https://compras.abonoteatro.com/?pagename=espectaculo&eventid=69651#compradias","System.Object[]","69651"
"TRIBUTO A MCLAN","Espacio Gran Vía","15,00€","System.Object[]","https://compras.abonoteatro.com/?pagename=espectaculo&eventid=75539#compradias","System.Object[]","75539"
"Preestreno: CEL MEU, INFERN TEU","mk2 Cine Paz (Eventos)","10,50€","System.Object[]","https://compras.abonoteatro.com/?pagename=espectaculo&eventid=58323#compradias","System.Object[]","58323"
"La Ira del Gran Tiki","LA ESCALERA DE JACOB","14,00€","System.Object[]","https://compras.abonoteatro.com/?pagename=espectaculo&eventid=79775#compradias","System.Object[]","79775"
"LAS MODISTAS","Teatro de las Aguas","12,00€","System.Object[]","https://compras.abonoteatro.com/?pagename=espectaculo&eventid=72193#compradias","System.Object[]","72193"
"Cata de Vermut y Queso","In Vino Veritas Shop","12,00€","System.Object[]","https://compras.abonoteatro.com/?pagename=espectaculo&eventid=52206#compradias","System.Object[]","52206"
"Cata de Mezcales Salvajes: BOZAL","In Vino Veritas Shop","12,00€","System.Object[]","https://compras.abonoteatro.com/?pagename=espectaculo&eventid=18504#compradias","System.Object[]","18504"
"Historias desde el Magi-Allá 2.0.","Sala Houdini","15,00€","System.Object[]","https://compras.abonoteatro.com/?pagename=espectaculo&eventid=3830#compradias","System.Object[]","3830"
"El Mago Roger - Vive tus sueños","Teatro Escondido Gran Vía","18,00€","System.Object[]","https://compras.abonoteatro.com/?pagename=espectaculo&eventid=52584#compradias","System.Object[]","52584"
"La Noche de los Camareros, en La Otra Movida","La Otra Movida","16,00€","System.Object[]","https://compras.abonoteatro.com/?pagename=espectaculo&eventid=18982#compradias","System.Object[]","18982"
"DOBLETE ¡RISAS GARANTIZADAS!","Estación Comedy","10,00€","System.Object[]","https://compras.abonoteatro.com/?pagename=espectaculo&eventid=67747#compradias","System.Object[]","67747"
"Spanish Horror Story","Espacio Gran Vía","15,00€","System.Object[]","https://compras.abonoteatro.com/?pagename=espectaculo&eventid=90068#compradias","System.Object[]","90068"
"Palomitas Open Mic","La Otra Movida","16,00€","System.Object[]","https://compras.abonoteatro.com/?pagename=espectaculo&eventid=70987#compradias","System.Object[]","70987"
"La Zarzamora, un tributo a las divas españolas","Espacio Gran Vía","15,00€","System.Object[]","https://compras.abonoteatro.com/?pagename=espectaculo&eventid=94158#compradias","System.Object[]","94158"
"Adulto en prácticas ( abuelo en serio)","La Parroquia del Humor","16,00€","System.Object[]","https://compras.abonoteatro.com/?pagename=espectaculo&eventid=31771#compradias","System.Object[]","31771"
"DIVORCIADOS AL BORDE DE UN ATAQUE DE NERVIOS","Teatro de las Aguas","12,00€","System.Object[]","https://compras.abonoteatro.com/?pagename=espectaculo&eventid=62247#compradias","System.Object[]","62247"
"DEMOLICIÓN","Nave 73","16,00€","System.Object[]","https://compras.abonoteatro.com/?pagename=espectaculo&eventid=47665#compradias","System.Object[]","47665"
"IMPRO IMPAR SHOW","ESPACIO BROADWAY","15,00€","System.Object[]","https://compras.abonoteatro.com/?pagename=espectaculo&eventid=76548#compradias","System.Object[]","76548"
"PIÑA: MAGIA DE ALTO IMPACTO","Tropicana Beach Club Madrid","15,00€","System.Object[]","https://compras.abonoteatro.com/?pagename=espectaculo&eventid=28749#compradias","System.Object[]","28749"
"NO HABLES CON LOS MUERTOS","SOJO Laboratorio Teatral","11,99€","System.Object[]","https://compras.abonoteatro.com/?pagename=espectaculo&eventid=26274#compradias","System.Object[]","26274"
"PIÉNSATELO BIEN","Sala Houdini","15,00€","System.Object[]","https://compras.abonoteatro.com/?pagename=espectaculo&eventid=3448#compradias","System.Object[]","3448"
"NACHO PUNTO G - INMADURO A LOS 50","Platea Café Teatro Rivas-Vaciamadrid","14,00€","System.Object[]","https://compras.abonoteatro.com/?pagename=espectaculo&eventid=3639#compradias","System.Object[]","3639"
"Crazy Bingo","Espacio Gran Vía","15,00€","System.Object[]","https://compras.abonoteatro.com/?pagename=espectaculo&eventid=50759#compradias","System.Object[]","50759"
"STRIP POKER","Teatro de las Aguas","12,00€","System.Object[]","https://compras.abonoteatro.com/?pagename=espectaculo&eventid=42937#compradias","System.Object[]","42937"
"Magia en La Estación","Estación Comedy","10,00€","System.Object[]","https://compras.abonoteatro.com/?pagename=espectaculo&eventid=76882#compradias","System.Object[]","76882"
"Adulto en práctica, abuelo en serio","La Otra Movida","16,00€","System.Object[]","https://compras.abonoteatro.com/?pagename=espectaculo&eventid=66051#compradias","System.Object[]","66051"
"EL GORGOJO","Sala Tarambana","14,00€","System.Object[]","https://compras.abonoteatro.com/?pagename=espectaculo&eventid=92368#compradias","System.Object[]","92368"
"DISFRUTA…MAGIA MENTAL","LA ESCALERA DE JACOB","14,00€","System.Object[]","https://compras.abonoteatro.com/?pagename=espectaculo&eventid=57914#compradias","System.Object[]","57914"
"DESPERTAR JUNTO A LILITH","La Butaca Amarilla","14,00€","System.Object[]","https://compras.abonoteatro.com/?pagename=espectaculo&eventid=71571#compradias","System.Object[]","71571"
"EL SHOW DE LOS MORENO BROS","OFF Latina","14,00€","System.Object[]","https://compras.abonoteatro.com/?pagename=espectaculo&eventid=33173#compradias","System.Object[]","33173"
"¡El Sexólogo del Humor!","ESPACIO BROADWAY","15,00€","System.Object[]","https://compras.abonoteatro.com/?pagename=espectaculo&eventid=77713#compradias","System.Object[]","77713"
"DESCONECTADOS","Teatro de las Aguas","12,00€","System.Object[]","https://compras.abonoteatro.com/?pagename=espectaculo&eventid=58023#compradias","System.Object[]","58023"
"VIRGENES Y PODEROSAS","OFF Latina","12,00€","System.Object[]","https://compras.abonoteatro.com/?pagename=espectaculo&eventid=43012#compradias","System.Object[]","43012"
"VETERINARIO: UN SHOW DE COMEDIA, MUY ANIMAL","Teatro de las Aguas","10,00€","System.Object[]","https://compras.abonoteatro.com/?pagename=espectaculo&eventid=80924#compradias","System.Object[]","80924"
"A BOCAJARRO","La Otra Movida","16,00€","System.Object[]","https://compras.abonoteatro.com/?pagename=espectaculo&eventid=4565#compradias","System.Object[]","4565"
"A MI MANERA","SOJO Laboratorio Teatral","10,99€","System.Object[]","https://compras.abonoteatro.com/?pagename=espectaculo&eventid=43078#compradias","System.Object[]","43078"
"SOLTERONAS","Espacio Gran Vía","15,00€","System.Object[]","https://compras.abonoteatro.com/?pagename=espectaculo&eventid=29843#compradias","System.Object[]","29843"
"TRUCOS Y TONTADAS: Magicomedia familiar","COLLAGE Burlesque","14,00€","System.Object[]","https://compras.abonoteatro.com/?pagename=espectaculo&eventid=47655#compradias","System.Object[]","47655"
"TALLER RISOTERAPIA ADULTOS","Altos del Pavón","12,00€","System.Object[]","https://compras.abonoteatro.com/?pagename=espectaculo&eventid=21249#compradias","System.Object[]","21249"
"La Impro de mi Vida, en La Otra Movida","La Otra Movida","16,00€","System.Object[]","https://compras.abonoteatro.com/?pagename=espectaculo&eventid=71284#compradias","System.Object[]","71284"
"JOE MONTY. MAGIA Y HUMOR MUY DE CERCA","Sala Houdini","15,00€","System.Object[]","https://compras.abonoteatro.com/?pagename=espectaculo&eventid=62130#compradias","System.Object[]","62130"
"MICHIGAN","SOJO Laboratorio Teatral","10,99€","System.Object[]","https://compras.abonoteatro.com/?pagename=espectaculo&eventid=11200#compradias","System.Object[]","11200"
"ETERNOS: Tributo a Camilo Sesto y Raphael","ESPACIO BROADWAY","15,00€","System.Object[]","https://compras.abonoteatro.com/?pagename=espectaculo&eventid=82636#compradias","System.Object[]","82636"
"TOUR POR EL MADRID MASÓNICO","Fuente de Orfeo","12,50€","System.Object[]","https://compras.abonoteatro.com/?pagename=espectaculo&eventid=45160#compradias","System.Object[]","45160"
"EL MAGO DE LA CHISTERA","Teatro Escondido Gran Vía","15,00€","System.Object[]","https://compras.abonoteatro.com/?pagename=espectaculo&eventid=44889#compradias","System.Object[]","44889"
"IPHONSI DESCONECTADO","Teatro Escondido Gran Vía","15,00€","System.Object[]","https://compras.abonoteatro.com/?pagename=espectaculo&eventid=49971#compradias","System.Object[]","49971"
"TOUR MISTERIOS Y LEYENDAS DE MADRID","Fuente de Orfeo","12,50€","System.Object[]","https://compras.abonoteatro.com/?pagename=espectaculo&eventid=187#compradias","System.Object[]","187"
"ESPECIALISTOS","Sala Komodia","12,00€","System.Object[]","https://compras.abonoteatro.com/?pagename=espectaculo&eventid=86518#compradias","System.Object[]","86518"
"¡Esto es un monólogo! de Cristina Gómez","La Otra Movida","16,00€","System.Object[]","https://compras.abonoteatro.com/?pagename=espectaculo&eventid=15658#compradias","System.Object[]","15658"
"LA TAROTISTA","OFF Latina","14,00€","System.Object[]","https://compras.abonoteatro.com/?pagename=espectaculo&eventid=74278#compradias","System.Object[]","74278"
"¿QUIÉN TEME AL LOBO FEROZ?","OFF Latina","14,00€","System.Object[]","https://compras.abonoteatro.com/?pagename=espectaculo&eventid=75579#compradias","System.Object[]","75579"
"Puzzle: El show que te hará cuestionarte la Realidad","ESPACIO BROADWAY","12,00€","System.Object[]","https://compras.abonoteatro.com/?pagename=espectaculo&eventid=90022#compradias","System.Object[]","90022"
"DON QUIJOTE, LO QUE SOY, LO QUE HE DE SER","Teatro de las Aguas","12,00€","System.Object[]","https://compras.abonoteatro.com/?pagename=espectaculo&eventid=67326#compradias","System.Object[]","67326"
"CASANDRA","SOJO Laboratorio Teatral","10,99€","System.Object[]","https://compras.abonoteatro.com/?pagename=espectaculo&eventid=45003#compradias","System.Object[]","45003"
"Hay que tener Huevos","Estación Comedy","10,00€","System.Object[]","https://compras.abonoteatro.com/?pagename=espectaculo&eventid=89461#compradias","System.Object[]","89461"
"HISTÓRICAS PERDIDAS","Sala Komodia","12,00€","System.Object[]","https://compras.abonoteatro.com/?pagename=espectaculo&eventid=22084#compradias","System.Object[]","22084"
"KABRALOKER","La Parroquia del Humor","16,00€","System.Object[]","https://compras.abonoteatro.com/?pagename=espectaculo&eventid=76663#compradias","System.Object[]","76663"
"NADIE VIO NADA","Espacio Gran Vía","15,00€","System.Object[]","https://compras.abonoteatro.com/?pagename=espectaculo&eventid=92443#compradias","System.Object[]","92443"
"LAS KELLYS","OFF Latina","14,00€","System.Object[]","https://compras.abonoteatro.com/?pagename=espectaculo&eventid=69931#compradias","System.Object[]","69931"
"Un paseo por Madrid","ESPACIO BROADWAY","15,00€","System.Object[]","https://compras.abonoteatro.com/?pagename=espectaculo&eventid=97290#compradias","System.Object[]","97290"
"TRIBUTO A RAFFAELLA CARRA","Yasta Club","12,00€","System.Object[]","https://compras.abonoteatro.com/?pagename=espectaculo&eventid=31455#compradias","System.Object[]","31455"
"Lo de menos es el nombre","Parada 42","16,00€","System.Object[]","https://compras.abonoteatro.com/?pagename=espectaculo&eventid=68390#compradias","System.Object[]","68390"
"Yo Solita - Dianela Padrón en La Otra Movida","La Otra Movida","16,00€","System.Object[]","https://compras.abonoteatro.com/?pagename=espectaculo&eventid=83452#compradias","System.Object[]","83452"
"INTERMITENTE CON CARLOS MARTÍNEZ","Estación Comedy","10,00€","System.Object[]","https://compras.abonoteatro.com/?pagename=espectaculo&eventid=32764#compradias","System.Object[]","32764"
"Mari¿qué?","Parada 42","16,00€","System.Object[]","https://compras.abonoteatro.com/?pagename=espectaculo&eventid=34681#compradias","System.Object[]","34681"
"ATELOFOBIA","SOJO Laboratorio Teatral","11,99€","System.Object[]","https://compras.abonoteatro.com/?pagename=espectaculo&eventid=58599#compradias","System.Object[]","58599"
"BISONTES EN LLAMAS","Nave 73","16,00€","System.Object[]","https://compras.abonoteatro.com/?pagename=espectaculo&eventid=5348#compradias","System.Object[]","5348"
"MIGUEL SINCERO en Platea","Platea Café Teatro Rivas-Vaciamadrid","14,00€","System.Object[]","https://compras.abonoteatro.com/?pagename=espectaculo&eventid=3955#compradias","System.Object[]","3955"
"NOCHE DE PITOS","ESPACIO BROADWAY","15,00€","System.Object[]","https://compras.abonoteatro.com/?pagename=espectaculo&eventid=25901#compradias","System.Object[]","25901"
"COMEDIAS MORTALES","Teatro de las Aguas","14,00€","System.Object[]","https://compras.abonoteatro.com/?pagename=espectaculo&eventid=38198#compradias","System.Object[]","38198"
"BinGO! La noche de Nicole","AXEL HOTEL MADRID","15,00€","System.Object[]","https://compras.abonoteatro.com/?pagename=espectaculo&eventid=15354#compradias","System.Object[]","15354"
"Canta y Gana Party","Espacio Gran Vía","15,00€","System.Object[]","https://compras.abonoteatro.com/?pagename=espectaculo&eventid=41213#compradias","System.Object[]","41213"
"Tour por el Parque del Retiro","Puerta Real (Retiro)","12,50€","System.Object[]","https://compras.abonoteatro.com/?pagename=espectaculo&eventid=81504#compradias","System.Object[]","81504"
"TOUR AMORIOS DE LA REALEZA - MADRID","Fuente de Orfeo","12,50€","System.Object[]","https://compras.abonoteatro.com/?pagename=espectaculo&eventid=63416#compradias","System.Object[]","63416"
"VISITA GUIADA ARANJUEZ","Aranjuez","12,00€","System.Object[]","https://compras.abonoteatro.com/?pagename=espectaculo&eventid=66115#compradias","System.Object[]","66115"
"LA GALLINA PIPI","OFF Latina","9,00€","System.Object[]","https://compras.abonoteatro.com/?pagename=espectaculo&eventid=62210#compradias","System.Object[]","62210"
"ABERRANTES","SOJO Laboratorio Teatral","11,99€","System.Object[]","https://compras.abonoteatro.com/?pagename=espectaculo&eventid=72936#compradias","System.Object[]","72936"
"NUEVAS MIRADAS DE CINE ASIÁTICO","mk2 Cine Paz (Eventos)","9,50€","System.Object[]","https://compras.abonoteatro.com/?pagename=espectaculo&eventid=83188#compradias","System.Object[]","83188"
"Paco G","La Butaca Amarilla","14,00€","System.Object[]","https://compras.abonoteatro.com/?pagename=espectaculo&eventid=77314#compradias","System.Object[]","77314"
"IPHONSI Y SUS MÚLTIPLES APLICACIONES","Teatro Escondido Gran Vía","15,00€","System.Object[]","https://compras.abonoteatro.com/?pagename=espectaculo&eventid=49419#compradias","System.Object[]","49419"
"La Impro de mi Vida, en Huertas","La Parroquia del Humor","16,00€","System.Object[]","https://compras.abonoteatro.com/?pagename=espectaculo&eventid=84309#compradias","System.Object[]","84309"
"TODO INCLUIDO","SOJO Laboratorio Teatral","10,99€","System.Object[]","https://compras.abonoteatro.com/?pagename=espectaculo&eventid=25464#compradias","System.Object[]","25464"
"CON MONTY Y A LO LOCO","Sala Houdini","15,00€","System.Object[]","https://compras.abonoteatro.com/?pagename=espectaculo&eventid=22065#compradias","System.Object[]","22065"
"SOLO AMALIO","La Butaca Amarilla","14,00€","System.Object[]","https://compras.abonoteatro.com/?pagename=espectaculo&eventid=33695#compradias","System.Object[]","33695"
"Tributo a Alejandro Fernández","ESPACIO BROADWAY","12,00€","System.Object[]","https://compras.abonoteatro.com/?pagename=espectaculo&eventid=24322#compradias","System.Object[]","24322"
"Yo solo quería un pancito","Parada 42","16,00€","System.Object[]","https://compras.abonoteatro.com/?pagename=espectaculo&eventid=79338#compradias","System.Object[]","79338"
"Pata Negra, Chemi Moreno","La Otra Movida","16,00€","System.Object[]","https://compras.abonoteatro.com/?pagename=espectaculo&eventid=39505#compradias","System.Object[]","39505"
"MALABA COMEDY","Malaba Club","16,00€","System.Object[]","https://compras.abonoteatro.com/?pagename=espectaculo&eventid=90699#compradias","System.Object[]","90699"
"SOY UN KIWI","Malaba Club","16,00€","System.Object[]","https://compras.abonoteatro.com/?pagename=espectaculo&eventid=35285#compradias","System.Object[]","35285"
"Despierta!","Teatro Escondido Gran Vía","15,00€","System.Object[]","https://compras.abonoteatro.com/?pagename=espectaculo&eventid=35613#compradias","System.Object[]","35613"
"YO SOLO QUERÍA UN PANCITO","Bleco Club","16,00€","System.Object[]","https://compras.abonoteatro.com/?pagename=espectaculo&eventid=46451#compradias","System.Object[]","46451"
"MOLINA GÓMEZ EN PLATEA","Platea Café Teatro Rivas-Vaciamadrid","14,00€","System.Object[]","https://compras.abonoteatro.com/?pagename=espectaculo&eventid=26937#compradias","System.Object[]","26937"
"NAVAREÑO- CONFETI","La Butaca Amarilla","14,00€","System.Object[]","https://compras.abonoteatro.com/?pagename=espectaculo&eventid=39092#compradias","System.Object[]","39092"
"GUARNICIÓN DE MENTIRAS","La Butaca Amarilla","14,00€","System.Object[]","https://compras.abonoteatro.com/?pagename=espectaculo&eventid=83986#compradias","System.Object[]","83986"
"MUJER CONTRA MUJER, un tributo a Mecano","Yasta Club","12,00€","System.Object[]","https://compras.abonoteatro.com/?pagename=espectaculo&eventid=89984#compradias","System.Object[]","89984"
"Ya soy Abuelo, Bro","Monkey Rock","18,00€","System.Object[]","https://compras.abonoteatro.com/?pagename=espectaculo&eventid=15203#compradias","System.Object[]","15203"
"Adulto en práctica, abuelo en serio","Parada 42","16,00€","System.Object[]","https://compras.abonoteatro.com/?pagename=espectaculo&eventid=71064#compradias","System.Object[]","71064"
"Mamá ya no paga el alquiler","Malaba Club","16,00€","System.Object[]","https://compras.abonoteatro.com/?pagename=espectaculo&eventid=25763#compradias","System.Object[]","25763"
"CALCÁREA","SOJO Laboratorio Teatral","11,99€","System.Object[]","https://compras.abonoteatro.com/?pagename=espectaculo&eventid=37727#compradias","System.Object[]","37727"
"¡YO, YA! de Chemi Moreno","Bleco Club","16,00€","System.Object[]","https://compras.abonoteatro.com/?pagename=espectaculo&eventid=1415#compradias","System.Object[]","1415"
"Tres entre dos","Teatro Tyl Tyl (Navalcarnero)","12,00€","System.Object[]","https://compras.abonoteatro.com/?pagename=espectaculo&eventid=25584#compradias","System.Object[]","25584"
"BARRANCAS DE BURUJON EL CAÑON DEL COLORADO DE TOLEDO","Bar El Refugio de Las Barrancas","15,00€","System.Object[]","https://compras.abonoteatro.com/?pagename=espectaculo&eventid=1062#compradias","System.Object[]","1062"
"GUSTAVO BIOSCA en Platea","Platea Café Teatro Rivas-Vaciamadrid","14,00€","System.Object[]","https://compras.abonoteatro.com/?pagename=espectaculo&eventid=3958#compradias","System.Object[]","3958"
"MOLINA GÓMEZ","La Butaca Amarilla","14,00€","System.Object[]","https://compras.abonoteatro.com/?pagename=espectaculo&eventid=81754#compradias","System.Object[]","81754"
"3ra Planta: un monólogo de Miguel Hidalgo","Sala Komodia","12,00€","System.Object[]","https://compras.abonoteatro.com/?pagename=espectaculo&eventid=69615#compradias","System.Object[]","69615"
"PASEO NOCTURNO BAJO LA LUNA LLENA","Restaurante Magalia","20,00€","System.Object[]","https://compras.abonoteatro.com/?pagename=espectaculo&eventid=61244#compradias","System.Object[]","61244"
"PATA NEGRA","La Parroquia del Humor","16,00€","System.Object[]","https://compras.abonoteatro.com/?pagename=espectaculo&eventid=48114#compradias","System.Object[]","48114"
"LA LECCIÓN","OFF Latina","14,00€","System.Object[]","https://compras.abonoteatro.com/?pagename=espectaculo&eventid=35709#compradias","System.Object[]","35709"
"Tour por el Madrid del Siglo de Oro","Fuente de Orfeo","12,50€","System.Object[]","https://compras.abonoteatro.com/?pagename=espectaculo&eventid=72109#compradias","System.Object[]","72109"
"RUTA POR CHINCHÓN","Convento de las Clarisas","15,00€","System.Object[]","https://compras.abonoteatro.com/?pagename=espectaculo&eventid=76297#compradias","System.Object[]","76297"
"VISITA A LA GANADERÍA LA MARQUESA DE LAS NAVAS","Navas del Marqués","12,00€","System.Object[]","https://compras.abonoteatro.com/?pagename=espectaculo&eventid=13496#compradias","System.Object[]","13496"
"Magia Para Tod@s","Sala Houdini","12,00€","System.Object[]","https://compras.abonoteatro.com/?pagename=espectaculo&eventid=3479#compradias","System.Object[]","3479"
"STRÉPITO","La Butaca Amarilla","12,00€","System.Object[]","https://compras.abonoteatro.com/?pagename=espectaculo&eventid=35558#compradias","System.Object[]","35558"
"LA MAGIA EXISTE","SOJO Laboratorio Teatral","10,99€","System.Object[]","https://compras.abonoteatro.com/?pagename=espectaculo&eventid=97875#compradias","System.Object[]","97875"
"PERIPLO VARIETÉ","Teatro Tyl Tyl (Navalcarnero)","10,00€","System.Object[]","https://compras.abonoteatro.com/?pagename=espectaculo&eventid=88898#compradias","System.Object[]","88898"
"UNA INFANCIA MÁGICA","Teatro Escondido Gran Vía","15,00€","System.Object[]","https://compras.abonoteatro.com/?pagename=espectaculo&eventid=19509#compradias","System.Object[]","19509"
"SIN SECUELAS APARENTES","La Otra Movida","16,00€","System.Object[]","https://compras.abonoteatro.com/?pagename=espectaculo&eventid=22987#compradias","System.Object[]","22987"
"Yo Solita - Dianela Padrón","La Parroquia del Humor","16,00€","System.Object[]","https://compras.abonoteatro.com/?pagename=espectaculo&eventid=8992#compradias","System.Object[]","8992"
"Divas, un homenaje a las grandes voces","Espacio Gran Vía","15,00€","System.Object[]","https://compras.abonoteatro.com/?pagename=espectaculo&eventid=48256#compradias","System.Object[]","48256"
"Colón descubre España","La Parroquia del Humor","16,00€","System.Object[]","https://compras.abonoteatro.com/?pagename=espectaculo&eventid=40134#compradias","System.Object[]","40134"
"OBSERVACIÓN DE AVES","Bar Avenida Robledondo","12,00€","System.Object[]","https://compras.abonoteatro.com/?pagename=espectaculo&eventid=8318#compradias","System.Object[]","8318"
"New York New York: Revive los éxitos de Broadway","ESPACIO BROADWAY","15,00€","System.Object[]","https://compras.abonoteatro.com/?pagename=espectaculo&eventid=57704#compradias","System.Object[]","57704"
"SERIE MANIAKS","OFF Latina","14,00€","System.Object[]","https://compras.abonoteatro.com/?pagename=espectaculo&eventid=66245#compradias","System.Object[]","66245"
"SWEET SPACE MUSEUM – JUNIO","SWEET SPACE MUSEUM","12,65€","System.Object[]","https://compras.abonoteatro.com/?pagename=espectaculo&eventid=9687#compradias","System.Object[]","9687"
"GOLDEN CROONER","Espacio Gran Vía","10,00€","System.Object[]","https://compras.abonoteatro.com/?pagename=espectaculo&eventid=50967#compradias","System.Object[]","50967"
"Disfruta - Magia mental con ARIEL HAMUI","Teatro Escondido Gran Vía","12,00€","System.Object[]","https://compras.abonoteatro.com/?pagename=espectaculo&eventid=53133#compradias","System.Object[]","53133"
"ALL YOU NEED IS LOVE","Espacio Gran Vía","15,00€","System.Object[]","https://compras.abonoteatro.com/?pagename=espectaculo&eventid=83615#compradias","System.Object[]","83615"
"MAMÁS","OFF Latina","12,00€","System.Object[]","https://compras.abonoteatro.com/?pagename=espectaculo&eventid=24386#compradias","System.Object[]","24386"
"Jon Antón, Live experience","La Butaca Amarilla","14,00€","System.Object[]","https://compras.abonoteatro.com/?pagename=espectaculo&eventid=69028#compradias","System.Object[]","69028"
"SEXUALIZADOS","OFF Latina","12,00€","System.Object[]","https://compras.abonoteatro.com/?pagename=espectaculo&eventid=39760#compradias","System.Object[]","39760"
"TOUR ARTE URBANO POR LAVAPIÉS","TOUR ARTE URBANO","20,00€","System.Object[]","https://compras.abonoteatro.com/?pagename=espectaculo&eventid=36264#compradias","System.Object[]","36264"
"TOUR DE CINE Y SERIES","Fuente de Orfeo","12,50€","System.Object[]","https://compras.abonoteatro.com/?pagename=espectaculo&eventid=44752#compradias","System.Object[]","44752"
"JARDIN DE PULPOS","La Butaca Amarilla","14,00€","System.Object[]","https://compras.abonoteatro.com/?pagename=espectaculo&eventid=80102#compradias","System.Object[]","80102"
"RUTA DE LOS FANTASMAS Y LEYENDAS DE GUADALAJARA","Palacio del Infantado, Guadalajara","12,00€","System.Object[]","https://compras.abonoteatro.com/?pagename=espectaculo&eventid=35387#compradias","System.Object[]","35387"
"TRES EN RAYA","Sala de Teatro Bululú2120","16,00€","System.Object[]","https://compras.abonoteatro.com/?pagename=espectaculo&eventid=54824#compradias","System.Object[]","54824"
"JUANETE DEL TO","La Butaca Amarilla","14,00€","System.Object[]","https://compras.abonoteatro.com/?pagename=espectaculo&eventid=30325#compradias","System.Object[]","30325"
"TOUR DE LAS ESTRELLAS NOCTURNO EN LAS NAVAS DEL MARQUÉS","Oficina de Turismo","12,00€","System.Object[]","https://compras.abonoteatro.com/?pagename=espectaculo&eventid=52119#compradias","System.Object[]","52119"
"Ruta senderismo de La Chorrera del Hornillo","Parking del Puente de la Aceña","12,00€","System.Object[]","https://compras.abonoteatro.com/?pagename=espectaculo&eventid=90685#compradias","System.Object[]","90685"
"VISITA A GUADALAJARA, CAPITAL DE LA ALCARRIA","Palacio del Infantado, Guadalajara","12,00€","System.Object[]","https://compras.abonoteatro.com/?pagename=espectaculo&eventid=18861#compradias","System.Object[]","18861"
"Tour Complutum Ciudad Romana","Ciudad Romana de Complutum","10,00€","System.Object[]","https://compras.abonoteatro.com/?pagename=espectaculo&eventid=65288#compradias","System.Object[]","65288"
"TOUR EN LOS JARDINES DEL PRADO + TALLER CERÁMICO","Arcos del Prado","15,50€","System.Object[]","https://compras.abonoteatro.com/?pagename=espectaculo&eventid=23450#compradias","System.Object[]","23450"
"FANTASÍA, El Musical","Teatro Salesianos Estrecho","15,00€","System.Object[]","https://compras.abonoteatro.com/?pagename=espectaculo&eventid=24100#compradias","System.Object[]","24100"
"NUBE BUSCA CASA","Arte Olimpia Embajadores","10,00€","System.Object[]","https://compras.abonoteatro.com/?pagename=espectaculo&eventid=75313#compradias","System.Object[]","75313"
"Ruta con Meditación Guiada","Castillo-Palacio de Magalia","12,00€","System.Object[]","https://compras.abonoteatro.com/?pagename=espectaculo&eventid=35346#compradias","System.Object[]","35346"
"MUJERES, HOMBRES Y GAFAS DE CERCA","Teatro de las Aguas","12,00€","System.Object[]","https://compras.abonoteatro.com/?pagename=espectaculo&eventid=65711#compradias","System.Object[]","65711"
"VISTO Y NO VISTO - Magia con Álvaro","OFF Latina","12,00€","System.Object[]","https://compras.abonoteatro.com/?pagename=espectaculo&eventid=81250#compradias","System.Object[]","81250"
"LA OREJA DE VAN GOGH: EL TRIBUTO","Yasta Club","12,00€","System.Object[]","https://compras.abonoteatro.com/?pagename=espectaculo&eventid=49475#compradias","System.Object[]","49475"
"¡CON EL CABLE PELAO!","Teatro de las Aguas","10,00€","System.Object[]","https://compras.abonoteatro.com/?pagename=espectaculo&eventid=89390#compradias","System.Object[]","89390"
"HOY TENGO ALGO QUE HACER","Teatro Tyl Tyl (Navalcarnero)","15,00€","System.Object[]","https://compras.abonoteatro.com/?pagename=espectaculo&eventid=58567#compradias","System.Object[]","58567"
"NOCHE DE COMEDIA CON: ÁLEX SALABERRI","Samoa Club","10,00€","System.Object[]","https://compras.abonoteatro.com/?pagename=espectaculo&eventid=69420#compradias","System.Object[]","69420"
"Narraciones Flamencas","Sala de Teatro Bululú2120","16,00€","System.Object[]","https://compras.abonoteatro.com/?pagename=espectaculo&eventid=12272#compradias","System.Object[]","12272"
"FERNANDO GARCIA","La Butaca Amarilla","14,00€","System.Object[]","https://compras.abonoteatro.com/?pagename=espectaculo&eventid=57788#compradias","System.Object[]","57788"
"JUANETE DELTÓ en Platea","Platea Café Teatro (Nueva dirección)","14,00€","System.Object[]","https://compras.abonoteatro.com/?pagename=espectaculo&eventid=35986#compradias","System.Object[]","35986"
"MIGUEL SINCERO","La Butaca Amarilla","14,00€","System.Object[]","https://compras.abonoteatro.com/?pagename=espectaculo&eventid=46335#compradias","System.Object[]","46335"
"Show directo: 7th JAZZ: DIVAS DEL JAZZ","mk2 Cine Paz (Eventos)","15,00€","System.Object[]","https://compras.abonoteatro.com/?pagename=espectaculo&eventid=75985#compradias","System.Object[]","75985"
"MAGO SERGIO REYES","Platea Café Teatro (Nueva dirección)","14,00€","System.Object[]","https://compras.abonoteatro.com/?pagename=espectaculo&eventid=4127#compradias","System.Object[]","4127"
"LOPOLAND","OFF Latina","14,00€","System.Object[]","https://compras.abonoteatro.com/?pagename=espectaculo&eventid=61880#compradias","System.Object[]","61880"
"La pedagogía del silencio","Sala Komodia","12,00€","System.Object[]","https://compras.abonoteatro.com/?pagename=espectaculo&eventid=56664#compradias","System.Object[]","56664"
"EL César - Como la Vida Misma","La Butaca Amarilla","14,00€","System.Object[]","https://compras.abonoteatro.com/?pagename=espectaculo&eventid=80379#compradias","System.Object[]","80379"
"SOFOCADAS, APOSTÓLICAS Y ROMANAS","Espacio Gran Vía","15,00€","System.Object[]","https://compras.abonoteatro.com/?pagename=espectaculo&eventid=94300#compradias","System.Object[]","94300"
"RESILIENTES","La Butaca Amarilla","14,00€","System.Object[]","https://compras.abonoteatro.com/?pagename=espectaculo&eventid=58457#compradias","System.Object[]","58457"
"Tour por las esculturas de Mariano Benlliure","Monumento a Goya","10,00€","System.Object[]","https://compras.abonoteatro.com/?pagename=espectaculo&eventid=21983#compradias","System.Object[]","21983"
"MI VIDA A LA CARTA Rachel Arieff","OFF Latina","12,00€","System.Object[]","https://compras.abonoteatro.com/?pagename=espectaculo&eventid=15588#compradias","System.Object[]","15588"
"AMALIO PALOP","Platea Café Teatro (Nueva dirección)","14,00€","System.Object[]","https://compras.abonoteatro.com/?pagename=espectaculo&eventid=2962#compradias","System.Object[]","2962"
"CONCIERTO 7TH JAZZ: DIVAS DEL JAZZ","Cines MK2 Palacio Hielo Eventos","15,00€","System.Object[]","https://compras.abonoteatro.com/?pagename=espectaculo&eventid=73296#compradias","System.Object[]","73296"
"TOUR A BRIHUEGA","Parque de María Cristina","12,00€","System.Object[]","https://compras.abonoteatro.com/?pagename=espectaculo&eventid=74176#compradias","System.Object[]","74176"
"GOT MAGIC DE DAVID ROY","Cines MK2 Palacio Hielo Eventos","12,00€","System.Object[]","https://compras.abonoteatro.com/?pagename=espectaculo&eventid=46421#compradias","System.Object[]","46421"
"TOUR TOLETUM","Plaza de Zocodover (Toledo)","12,00€","System.Object[]","https://compras.abonoteatro.com/?pagename=espectaculo&eventid=61847#compradias","System.Object[]","61847"
"TOUR GINCANA JUDERÍA DE TOLEDO","Plaza de El Salvador","12,00€","System.Object[]","https://compras.abonoteatro.com/?pagename=espectaculo&eventid=90428#compradias","System.Object[]","90428"
"Contagia tu magia","Teatro Escondido Gran Vía","18,00€","System.Object[]","https://compras.abonoteatro.com/?pagename=espectaculo&eventid=43830#compradias","System.Object[]","43830"
"MIGUEL ESPEJO en Platea","Platea Café Teatro (Nueva dirección)","14,00€","System.Object[]","https://compras.abonoteatro.com/?pagename=espectaculo&eventid=93732#compradias","System.Object[]","93732"
"DISNEY CHANNEL Y MÁS: EL CONCIERTO","Yasta Club","12,00€","System.Object[]","https://compras.abonoteatro.com/?pagename=espectaculo&eventid=22601#compradias","System.Object[]","22601"
"SMILE","Teatro Tyl Tyl (Navalcarnero)","15,00€","System.Object[]","https://compras.abonoteatro.com/?pagename=espectaculo&eventid=78370#compradias","System.Object[]","78370"
"AnorMala","OFF Latina","14,00€","System.Object[]","https://compras.abonoteatro.com/?pagename=espectaculo&eventid=20339#compradias","System.Object[]","20339"
"¡QUE PASE EL SIGUIENTE!","Sala Komodia","12,00€","System.Object[]","https://compras.abonoteatro.com/?pagename=espectaculo&eventid=69719#compradias","System.Object[]","69719"
"TERAPIA CASI GRATIS","Teatro de las Aguas","12,00€","System.Object[]","https://compras.abonoteatro.com/?pagename=espectaculo&eventid=14385#compradias","System.Object[]","14385"
"Ruta de senderismo interpretativo: Valle de Cuelgamuros","Plaza Ayuntamiento de Peguerinos","12,00€","System.Object[]","https://compras.abonoteatro.com/?pagename=espectaculo&eventid=49200#compradias","System.Object[]","49200"
"Tour guiado por Alcalá de Henares","Plaza de la Puerta de Madrid","12,50€","System.Object[]","https://compras.abonoteatro.com/?pagename=espectaculo&eventid=40417#compradias","System.Object[]","40417"
"Quijote Kids","OFF Latina","9,50€","System.Object[]","https://compras.abonoteatro.com/?pagename=espectaculo&eventid=34416#compradias","System.Object[]","34416"
"PLANETA ESPAÑA Rachel Arieff","OFF Latina","14,00€","System.Object[]","https://compras.abonoteatro.com/?pagename=espectaculo&eventid=20365#compradias","System.Object[]","20365"
"Tributo a Extremoduro","Yasta Club","12,00€","System.Object[]","https://compras.abonoteatro.com/?pagename=espectaculo&eventid=66042#compradias","System.Object[]","66042"
"MIGUEL SINCERO","Platea Café Teatro (Nueva dirección)","14,00€","System.Object[]","https://compras.abonoteatro.com/?pagename=espectaculo&eventid=9733#compradias","System.Object[]","9733"
"ÁLVARO SEKO","Platea Café Teatro (Nueva dirección)","14,00€","System.Object[]","https://compras.abonoteatro.com/?pagename=espectaculo&eventid=3300#compradias","System.Object[]","3300"
"VUELVEN LOS 90´S","Yasta Club","12,00€","System.Object[]","https://compras.abonoteatro.com/?pagename=espectaculo&eventid=14644#compradias","System.Object[]","14644"
"Hazme Reir","Teatro Escondido Gran Vía","15,00€","System.Object[]","https://compras.abonoteatro.com/?pagename=espectaculo&eventid=62040#compradias","System.Object[]","62040"
"Raul Navareño","Platea Café Teatro (Nueva dirección)","14,00€","System.Object[]","https://compras.abonoteatro.com/?pagename=espectaculo&eventid=3056#compradias","System.Object[]","3056"
"RUTA SENDERISMO SENCILLA-LOS MOLINOS (NAVALAGAMELLA)","Plaza de Marcelino Camacho (Navalagamella)","15,00€","System.Object[]","https://compras.abonoteatro.com/?pagename=espectaculo&eventid=31887#compradias","System.Object[]","31887"
"RUTA DE SENDERISMO INTERPRETATIVO: El Bosque Plateado de Jarosa","Parking del embalse de Jarosa","12,00€","System.Object[]","https://compras.abonoteatro.com/?pagename=espectaculo&eventid=38036#compradias","System.Object[]","38036"
"EN LA PENUMBRA","Sala Komodia","14,00€","System.Object[]","https://compras.abonoteatro.com/?pagename=espectaculo&eventid=49043#compradias","System.Object[]","49043"
"CARLOS MARTÍNEZ- MONÓLOGO","La Butaca Amarilla","14,00€","System.Object[]","https://compras.abonoteatro.com/?pagename=espectaculo&eventid=98884#compradias","System.Object[]","98884"
"Nacho.G - Inmaduro a los 50","La Butaca Amarilla","14,00€","System.Object[]","https://compras.abonoteatro.com/?pagename=espectaculo&eventid=61700#compradias","System.Object[]","61700"
"Senderos del Cofio, Valdemaqueda","Plaza Ayuntamiento de Valdemaqueda","12,00€","System.Object[]","https://compras.abonoteatro.com/?pagename=espectaculo&eventid=30877#compradias","System.Object[]","30877"
"LA CAJA MUSICAL","Teatro Salesianos Estrecho","15,00€","System.Object[]","https://compras.abonoteatro.com/?pagename=espectaculo&eventid=91205#compradias","System.Object[]","91205"
"LA NOCHE DE ADÁN","OFF Latina","12,00€","System.Object[]","https://compras.abonoteatro.com/?pagename=espectaculo&eventid=63559#compradias","System.Object[]","63559"
"MI NOCHE CON NACHO","Teatro de las Aguas","12,00€","System.Object[]","https://compras.abonoteatro.com/?pagename=espectaculo&eventid=6747#compradias","System.Object[]","6747"
"Tour Jardines del Príncipe de Aranjuez","Jardín del Príncipe","12,00€","System.Object[]","https://compras.abonoteatro.com/?pagename=espectaculo&eventid=45279#compradias","System.Object[]","45279"
"Una Nota en MADRID","Teatro Salesianos Estrecho","15,00€","System.Object[]","https://compras.abonoteatro.com/?pagename=espectaculo&eventid=9958#compradias","System.Object[]","9958"
"RUTA SENDERISTA NOCTURNA ZARZALEJO A SILLA DE FELIPE II","Iglesia Nuestra Señora de la Asunción (Zarzalejo)","15,00€","System.Object[]","https://compras.abonoteatro.com/?pagename=espectaculo&eventid=20093#compradias","System.Object[]","20093"
"ENTRADA EXPOSICIONES CAIXAFORUM MADRID","CaixaForum Madrid","0,00€","System.Object[]","https://compras.abonoteatro.com/?pagename=espectaculo&eventid=85282#compradias","System.Object[]","85282"
"RUTA EN BARRANCA – FUENTE DE LA CAMPANILLA","Parking La Barranca","20,00€","System.Object[]","https://compras.abonoteatro.com/?pagename=espectaculo&eventid=94400#compradias","System.Object[]","94400"
