"NombreEvento";"Teatro";"UrlEvento"
"¡Canta Bingo!";"Espacio Gran Vía";"https://www.abonoteatro.com/evento/019f613b-4436-71e6-b647-c96ffd6d5d49"
"¡No Toques ese Botón!";"Espacio Broadway";"https://www.abonoteatro.com/evento/019fd698-e556-7085-8599-3b7e0fb1f414"
"¿Dónde Está Radojka?";"Teatros Luchana";"https://www.abonoteatro.com/evento/019ed58b-b903-7397-b18b-cc634ac42558"
"¿Y SI FUNCIONA?";"Espacio Broadway";"https://www.abonoteatro.com/evento/019f190c-a07c-700f-838e-6d41cca39527"
"101 Dálmatas";"Gran Teatro Caixabank Príncipe Pío";"https://www.abonoteatro.com/evento/019ed516-e61d-7172-8dfa-fbb0cf51649d"
"A Contracorriente - Tributo Pereza Y Leiva";"Sala Galileo Galilei";"https://www.abonoteatro.com/evento/019ed5ee-4f0d-72ca-b8c7-d305e4effde7"
"A Night With The Beatles";"Sala Galileo Galilei";"https://www.abonoteatro.com/evento/019ed622-6358-7118-a88d-b1a4ecc9ad16"
"A Sky Full Of Stars - The Coldplay Piano Show";"Teatros Luchana";"https://www.abonoteatro.com/evento/019f9379-a874-71bd-9dfd-4eb438df9952"
"A Todo Ritmo";"Espacio Broadway";"https://www.abonoteatro.com/evento/019ed5e1-36bb-726b-8c20-2bae4f9627e6"
"BINGO MUSICAL DALPAO";"Espacio Broadway";"https://www.abonoteatro.com/evento/019f19cd-1f75-732f-98b6-3b1b4c31687f"
"BINGO: SUPER ESTRELLAS";"Teatro Las Vegas";"https://www.abonoteatro.com/evento/019fa3d5-02d8-70d5-814e-b7fc2b051551"
"Bingo! La Noche De Nicole";"Axel Hotel Madrid";"https://www.abonoteatro.com/evento/019ed5f8-42ba-732d-9293-f6553c2cdabe"
"BIZARRA";"Corral Comedias Almagro (Ciudad Real)";"https://www.abonoteatro.com/evento/019fd162-8dc1-730e-b00b-8541a8d0645a"
"Boleros Y Romances - Clásicos De Siempre";"Sala Galileo Galilei";"https://www.abonoteatro.com/evento/019fd624-43ea-7104-8159-f3065cd0bcfe"
"Cabaret Desmadre";"Espacio Alma";"https://www.abonoteatro.com/evento/019f4197-e9ca-7076-993c-77c7184e9511"
"Callas En Concierto";"Gran Teatro Caixabank Príncipe Pío";"https://www.abonoteatro.com/evento/019ed517-97c4-7132-bd27-33ee75101e2f"
"Canajazz";"Ambigú Del Teatro Pavón";"https://www.abonoteatro.com/evento/019ed562-3ae7-71ac-b4be-80db2221d9b0"
"Canta Y Gana";"Espacio Broadway";"https://www.abonoteatro.com/evento/019ed40d-5103-704d-adfd-44c073379d4a"
"Cava y Velas  Bridgerton";"Espacio Alma";"https://www.abonoteatro.com/evento/019f846c-2cf5-7217-87ee-58154e6adc84"
"Cava y Velas: POP ROCK";"Espacio Alma";"https://www.abonoteatro.com/evento/019f8470-21d7-73d9-a7c2-724a8c4e5818"
"Cava y Velas: Tributo Adele";"Espacio Alma";"https://www.abonoteatro.com/evento/019f8472-36a2-704f-9035-9ed4f24c3b82"
"Cava y Velas: Tributo Ludovico Einaudi";"Espacio Alma";"https://www.abonoteatro.com/evento/019f845d-ceb6-70c7-8724-2155511ce193"
"Chavela, El Último Trago";"Sala Galileo Galilei";"https://www.abonoteatro.com/evento/019eee6f-a885-72d9-90b3-0a6af8f429d9"
"Chulíssima: Un Viaje Por Las Noches Del Cuplé";"Espacio Gran Vía";"https://www.abonoteatro.com/evento/019ed5f4-5723-724d-b906-6a924d477adb"
"CONCIERTO ROCK CON Ñ  (FIN DEL VERANO)";"Sala Conchita Amores";"https://www.abonoteatro.com/evento/019f6f25-da97-70d2-8893-3df606611254"
"Dancing Queen - The Abba Piano Show";"Teatros Luchana";"https://www.abonoteatro.com/evento/019ed625-4426-7256-ab97-7c1310190141"
"DIVAS - Las grandes voces de la historia";"Teatros Luchana";"https://www.abonoteatro.com/evento/019ef96a-5be4-702c-809e-19f737e44cf2"
"Divas, Un Homenaje A Las Grandes Voces";"Espacio Gran Vía";"https://www.abonoteatro.com/evento/019ed610-11c3-730b-a959-843f2d990451"
"Don Gil De Las Calzas Verdes";"Corral Comedias Almagro (Ciudad Real)";"https://www.abonoteatro.com/evento/019ed5a9-0e42-705b-be1c-da3f2064e7ec"
"Duelo De Pianos - Grandes Éxitos De Los 80 Y 90";"Teatros Luchana";"https://www.abonoteatro.com/evento/019ed636-1db8-71e5-b7a6-1c4f3ae18241"
"El Amor Y Mucho Match!";"Teatro Arlequín Gran Vía";"https://www.abonoteatro.com/evento/019ed547-75be-722c-b63d-aa8a2feb350c"
"El Baúl Mágico - Tributo A Disney";"Teatro Marquina";"https://www.abonoteatro.com/evento/019ed613-89d7-7338-9b0c-c55e2005ccc6"
"El Caballero Incierto";"Gran Teatro Pavón";"https://www.abonoteatro.com/evento/019ed561-456d-73b7-b3d1-44b29d9da812"
"EL CRIMEN DE LA OFICINA";"Espacio Broadway";"https://www.abonoteatro.com/evento/019f19e0-c527-7233-8337-c67196fe6d77"
"El Culpable - Juan Solo";"Teatro Marquina";"https://www.abonoteatro.com/evento/019ed58e-973a-7106-bbb2-11b8a26cedfe"
"EL ENCUESTADOR";"La Butaca Amarilla";"https://www.abonoteatro.com/evento/019f18f4-790a-70ed-a3bd-d3c3a5fed90f"
"EL GRAN ESPECTACULO";"Teatro Las Vegas";"https://www.abonoteatro.com/evento/019fa3e7-79a3-715a-a81e-f133baf1afe6"
"El Imitador";"Gran Teatro Pavón";"https://www.abonoteatro.com/evento/019ed52f-a1f3-7354-9944-133b03dfc143"
"El Perro Del Hortelano";"Corral Comedias Almagro (Ciudad Real)";"https://www.abonoteatro.com/evento/019ed583-5aba-7088-8148-228963ec2529"
"El Regalo";"Teatro Marquina";"https://www.abonoteatro.com/evento/019ed585-eba8-7345-93b5-3c318d901ebf"
"El Último Verso";"Teatro Serrano";"https://www.abonoteatro.com/evento/019ed52d-d529-7094-89fb-d8d44079aa97"
"EN LA PENUMBRA";"Teatro De Las Aguas";"https://www.abonoteatro.com/evento/019edb3b-c15c-7154-a35b-0dd7c4edd3fb"
"ENSAYO ABIERTO";"Teatro Arlequín Gran Vía";"https://www.abonoteatro.com/evento/019f6abd-987e-70a5-b516-e93a86a05a5e"
"Esto Es Hollywood";"Espacio Gran Vía";"https://www.abonoteatro.com/evento/019ed5e9-3c75-7376-9355-278605a57535"
"Extasis, Erotic Gay Cabaret Show";"Axel Hotel Madrid";"https://www.abonoteatro.com/evento/019ed5e6-1165-72b2-bb10-a155b7d9fb42"
"Faunia";"Faunia";"https://www.abonoteatro.com/evento/019fb3af-67b7-70f7-bd9e-020db2a2519e"
"FIESTA";"Corral Comedias Almagro (Ciudad Real)";"https://www.abonoteatro.com/evento/019fd178-1205-714a-8c0d-1014d4edea60"
"FIESTA POP/ROCK ESPAÑOL Y CLÁSICOS DE SIEMPRE";"Sala Galileo Galilei";"https://www.abonoteatro.com/evento/019f703c-6205-7052-bb9c-30a95072b554"
"FUSION FLAMENCA LAS VEGAS";"Teatro Las Vegas";"https://www.abonoteatro.com/evento/019fa3ea-1e50-70b3-b6b0-c2c1c886f9f2"
"Gag Movie - Yllana";"Teatro Serrano";"https://www.abonoteatro.com/evento/019ed55c-0a24-7227-9130-793743731cc9"
"Girl Power, Tributo A Las Divas Del Momento";"Espacio Gran Vía";"https://www.abonoteatro.com/evento/019ed637-feee-711f-9590-9797d92ab97c"
"Golden Crooner";"Espacio Gran Vía";"https://www.abonoteatro.com/evento/019ed5ef-5099-71fc-af2f-4ca019f8dbe1"
"GREASE EXPERIENCE";"Yasta Club";"https://www.abonoteatro.com/evento/019f9525-4d5a-717e-852f-0be4f7e2a935"
"Hamblet en el espejo";"Sala Komodia";"https://www.abonoteatro.com/evento/019f4261-1394-7001-a268-df23bafc553a"
"HIPOTECA CONCEBIDA";"Teatro Arlequín Gran Vía";"https://www.abonoteatro.com/evento/019f8956-d52c-70e4-9b44-195602bcc17a"
"Homenaje A Juan Gabriel";"Espacio Gran Vía";"https://www.abonoteatro.com/evento/019ed5ea-31e3-7220-aaa6-ed57ee315209"
"Hotel Deseo";"Espacio Gran Vía";"https://www.abonoteatro.com/evento/019ed5f6-1ba5-713a-af62-98280e6f80ba"
"Impro Impar Show";"Axel Hotel Madrid";"https://www.abonoteatro.com/evento/019f08c9-4c21-70e5-9c93-d82744511c72"
"Iphonsi Y Sus Múltiples Aplicaciones";"Teatro Escondido Gran Vía";"https://www.abonoteatro.com/evento/019ed59a-f231-7260-a43c-fc5fcc26ad06"
"Jon Antón, Live Experience";"La Butaca Amarilla";"https://www.abonoteatro.com/evento/019fa412-5124-7094-ab21-9cf7349959a2"
"Jorge Bedoya - Las Manos";"Gran Teatro Caixabank Príncipe Pío";"https://www.abonoteatro.com/evento/019ed527-ab38-73dd-9e80-a4ecd6ca7ff3"
"JUANA LA LOCA";"Teatros Luchana";"https://www.abonoteatro.com/evento/019f5bd7-6251-7369-9944-1ad2efe2df89"
"Juanita la fantástica";"Espacio Gran Vía";"https://www.abonoteatro.com/evento/019fa306-2d33-732c-b9ce-146a32e1f20b"
"La Azotea";"Teatro Arlequín Gran Vía";"https://www.abonoteatro.com/evento/019ed53f-10b9-732d-9bb7-440c6c78fdc3"
"La Casa De Bernarda Alba";"Teatro Serrano";"https://www.abonoteatro.com/evento/019ed52d-4652-7358-8d5a-5be691e881c0"
"La Celestina";"Teatro Serrano";"https://www.abonoteatro.com/evento/019ed55a-0840-737c-b9a5-821f6be38970"
"LA COPA ROTA";"Teatro Serrano";"https://www.abonoteatro.com/evento/019f7fff-a170-7307-9f21-b67136ec5dba"
"La Dama Boba";"Corral Comedias Almagro (Ciudad Real)";"https://www.abonoteatro.com/evento/019ed593-1d11-7312-8253-aa79a1dd5456"
"La Fiesta de los 80 y 90 - El Musical";"Teatro Marquina";"https://www.abonoteatro.com/evento/019fd6d0-d608-71db-9a82-a0d84c30935e"
"La Francesa Laura";"Corral Comedias Almagro (Ciudad Real)";"https://www.abonoteatro.com/evento/019ed595-4fd6-72c9-9ecf-d4569d305674"
"La Habitación";"Sala Komodia";"https://www.abonoteatro.com/evento/019f4267-522d-7336-a3dc-414b6ef4b33c"
"LA HORA DEL VERMUT";"Espacio Broadway";"https://www.abonoteatro.com/evento/019f1909-83b3-72c7-81e5-aa78099d3633"
"La Magia del Hielo - Tributo Frozen";"Espacio Alma";"https://www.abonoteatro.com/evento/019f4221-639e-7394-828a-4eef4b6b9aa6"
"La Odisea";"Teatro Serrano";"https://www.abonoteatro.com/evento/019ed4df-41c0-72d5-bc66-ace524032941"
"La Regenta";"Teatro Serrano";"https://www.abonoteatro.com/evento/019ed55a-986c-7008-9651-3503909ccf30"
"La Rosa 14";"Gran Teatro Pavón";"https://www.abonoteatro.com/evento/019ed560-0399-70b7-89f1-509ad4b462ce"
"La Tarotista";"Off Latina";"https://www.abonoteatro.com/evento/019ed501-de72-723e-a6e4-35b16276e138"
"La Vida En Un Segundo";"Teatro Arlequín Gran Vía";"https://www.abonoteatro.com/evento/019ed549-afb8-70f0-a5ed-84af46c97565"
"La Zarzamora, Un Tributo A Las Divas Españolas";"Espacio Gran Vía";"https://www.abonoteatro.com/evento/019ed5c8-8ac3-7310-b7c2-a6fa84e3b47e"
"Lady Pepa";"Espacio Alma";"https://www.abonoteatro.com/evento/019f418c-62d4-716e-ba5a-70bb56520bb1"
"Las Gayshas";"Off Latina";"https://www.abonoteatro.com/evento/019ed9fe-e033-7074-aa68-a2a653ac2a96"
"Las Kellys";"Off Latina";"https://www.abonoteatro.com/evento/019ed503-671b-7112-bee6-cd22a3451678"
"LAS VEGAS EXPERIENCE";"Teatro Las Vegas";"https://www.abonoteatro.com/evento/019fa3ed-7583-7222-820b-e194d49a0ecc"
"Leyendas De Rock";"Espacio Gran Vía";"https://www.abonoteatro.com/evento/019ed633-6bbd-717c-b9e1-b6ed22b37ca7"
"Live Music con Miriam Dues";"Espacio Broadway";"https://www.abonoteatro.com/evento/019f1901-6159-71c2-89a8-09bdcc3c7953"
"Lo Mejor De Yllana";"Gran Teatro Pavón";"https://www.abonoteatro.com/evento/019ed55f-2625-72c5-ab1b-d876c0608c51"
"LORCA EN LA HABANA";"Teatro De Las Aguas";"https://www.abonoteatro.com/evento/019edb36-e12b-719b-a658-4833e0ebd1ff"
"LUDOVICO EXPERIENCE";"Teatros Luchana";"https://www.abonoteatro.com/evento/019f8f82-c0c8-7368-bf2d-8bf73ef905ce"
"Maestrissimo - Yllana";"Gran Teatro Caixabank Príncipe Pío";"https://www.abonoteatro.com/evento/019ed536-acbe-72a9-9f7b-359d236e101e"
"Magia Vs Ciencia";"Teatro Escondido Gran Vía";"https://www.abonoteatro.com/evento/019ed596-671c-70c6-ad9d-f02edabe0077"
"MAGIC, Tributo a Disney";"Espacio Broadway";"https://www.abonoteatro.com/evento/019fd69f-42ec-7283-89be-cdaa41ae9f3d"
"Making Comedy Show";"Teatro Arlequín Gran Vía";"https://www.abonoteatro.com/evento/019ed54b-f6e3-7109-b207-8b8893a91820"
"Mamás";"Off Latina";"https://www.abonoteatro.com/evento/019ed587-4078-7047-9723-df01bd1c8351"
"MAMMA MIA: Tributo a ABBA";"Yasta Club";"https://www.abonoteatro.com/evento/019f9453-5177-7200-a0d2-1c0050f85ac6"
"Mamma Mía! Qué Tributo - ABBA";"Espacio Alma";"https://www.abonoteatro.com/evento/019fc7e5-c7bc-72c9-a59f-1a3f27e2fb62"
"MERCERÍA PALOMA";"Teatro De Las Aguas";"https://www.abonoteatro.com/evento/019eee80-c686-71dd-8d04-235d128ae56a"
"NO DISPARES QUE TE CUENTO";"Off Latina";"https://www.abonoteatro.com/evento/019fa801-c73c-7032-8cd2-b42754226b98"
"NO HAY BURLAS CON EL AMOR";"Corral Comedias Almagro (Ciudad Real)";"https://www.abonoteatro.com/evento/019fd182-321c-7109-b146-3229a1beb43d"
"Noche De Coños";"Espacio Broadway";"https://www.abonoteatro.com/evento/019ed5e0-78d4-72e2-b141-35c3029f1269"
"NOCHE DE KARAOKE";"Espacio Broadway";"https://www.abonoteatro.com/evento/019f19e2-cd46-709e-9048-4899eaa3d9b4"
"NOCHE DE TRIBUTOS: RECUERDOS LOCOS Y LA LOCURA DEL ZURDO";"Castillo Del Condestable Dávalos";"https://www.abonoteatro.com/evento/019f220a-7f53-73a6-be97-014875d95eb3"
"Nomina-Dos";"La Butaca Amarilla";"https://www.abonoteatro.com/evento/019f18f7-6626-7071-861f-0868ccef2090"
"OVEJAS NEGRAS";"La Butaca Amarilla";"https://www.abonoteatro.com/evento/019f18fa-7aca-7063-90e3-b2a593e96767"
"Pablo Navarro & The Brass Band";"Gran Teatro Caixabank Príncipe Pío";"https://www.abonoteatro.com/evento/019ed537-8621-715d-b9aa-c5d8ea31e0f4"
"Pagagnini - Yllana";"Gran Teatro Caixabank Príncipe Pío";"https://www.abonoteatro.com/evento/019ed538-476f-70d3-8732-257a9f43dca9"
"PEGADOS - UN MUSICAL DIFERENTE";"Gran Teatro Pavón";"https://www.abonoteatro.com/evento/019f89be-f246-7320-80f0-1d6a65fa2f50"
"Perdón Por Existir";"Teatro De Las Aguas";"https://www.abonoteatro.com/evento/019ed4eb-017f-701c-a02e-c5ced42feaf3"
"Piensa En Wilbur";"Teatro Serrano";"https://www.abonoteatro.com/evento/019ed526-24ff-73cc-bdd1-5e823cc0b1e5"
"Puzzle: El Show Que Te Hará Cuestionarte La Realidad";"Axel Hotel Madrid";"https://www.abonoteatro.com/evento/019f1825-3fde-71d3-8df2-3d1e3b881241"
"Regreso A Los 90";"Gtm - Espacio La Vaguada";"https://www.abonoteatro.com/evento/019edeec-b2fc-7214-8140-d24cb1741aaf"
"ROCK & POP 80s/90s (éxitos en español)";"Teatros Luchana";"https://www.abonoteatro.com/evento/019f8f78-5b91-73f1-99d4-fb8e39713384"
"ROCK & POP 80s/90s (éxitos internacionales)";"Teatros Luchana";"https://www.abonoteatro.com/evento/019f9397-58cc-7334-9616-fd148f371216"
"Romance - Homenaje A Luis Miguel";"Espacio Gran Vía";"https://www.abonoteatro.com/evento/019ed600-40da-7369-a8fa-afbdd49717c1"
"RUMBA LAS VEGAS OLEO COVERS";"Teatro Las Vegas";"https://www.abonoteatro.com/evento/019fa3f1-f681-717d-bd8a-b240517285bc"
"Salsa & Bachata";"Teatro Marquina";"https://www.abonoteatro.com/evento/019ed623-3a9c-7121-8553-762ec373ba15"
"Semen";"Teatro Arlequín Gran Vía";"https://www.abonoteatro.com/evento/019ed548-ce9a-73ed-93d1-c818b7c74a5b"
"Servicio De Habitaciones";"Axel Hotel Madrid";"https://www.abonoteatro.com/evento/019ed5a6-7ed3-733d-8e89-7e0def0b13b7"
"Solteronas";"Espacio Gran Vía";"https://www.abonoteatro.com/evento/019ed587-b113-71d3-90f0-eee440e74d38"
"Soul Castizo";"Sala Galileo Galilei";"https://www.abonoteatro.com/evento/019ed582-7111-7007-99dd-84c9149cebf3"
"Swing Machine Orchestra";"Sala Galileo Galilei";"https://www.abonoteatro.com/evento/019f6071-d2e0-7236-80fb-009ee9b5123f"
"Tablao Flamenco - Vallekas Flamenka";"Taberna Flamenca El Cortijo";"https://www.abonoteatro.com/evento/019ed5c0-3e61-73af-95c6-016cce0ee551"
"Tania Ruzs - Voces Que Transforman";"Off Latina";"https://www.abonoteatro.com/evento/019ed509-0c29-724f-bf19-3055e519a643"
"TANTRA EN CARABANCHEL";"Teatro Arlequín Gran Vía";"https://www.abonoteatro.com/evento/019f852e-8811-72d4-99c3-0a2626a588f2"
"THE GOLDEN DISCO";"Teatro Las Vegas";"https://www.abonoteatro.com/evento/019fa3f4-ade5-73ab-a59a-93f82f478f57"
"The Jazz On Five";"Sala Galileo Galilei";"https://www.abonoteatro.com/evento/019ed604-e880-7199-904f-876f1ed6a960"
"The Opera Locos - Yllana";"Gran Teatro Caixabank Príncipe Pío";"https://www.abonoteatro.com/evento/019ed535-5fde-7396-8232-6639dfcbcc34"
"THE ROYAL GAG ORCHESTRA – YLLANA";"Gran Teatro Caixabank Príncipe Pío";"https://www.abonoteatro.com/evento/019f6f71-4f30-73c5-aad5-8fa8cb162792"
"TIERRA SALVAJE";"Gran Teatro Caixabank Príncipe Pío";"https://www.abonoteatro.com/evento/019f8a33-353a-71e0-a351-53c218f657df"
"TOC";"Espacio Broadway";"https://www.abonoteatro.com/evento/019fd69d-0659-7004-87ff-8079ea8ca4fb"
"Trash! De Yllana Y Töthem";"Gran Teatro Caixabank Príncipe Pío";"https://www.abonoteatro.com/evento/019ed40b-e3c0-7009-b196-66fc2a1a4910"
"Tributo Salsa y Bachata";"Espacio Alma";"https://www.abonoteatro.com/evento/019fc7ee-70b9-7036-afa2-08dc54cf7f46"
"Una Noche Con Federico";"Teatro De Las Aguas";"https://www.abonoteatro.com/evento/019ed4f0-a6d8-71c9-904a-8e7d11e5cadd"
"UNA NOTA EN MADRID";"Espacio Broadway";"https://www.abonoteatro.com/evento/019f1904-301d-7130-a901-e8c888d3ddad"
"Vespera, Cabaret Erótico";"Axel Hotel Madrid";"https://www.abonoteatro.com/evento/019ed5fa-b8bc-73dc-b61a-bb8331be5415"
"Viernes";"Espacio Alma";"https://www.abonoteatro.com/evento/019f933a-0e5c-72ff-ac61-417e7e8c80a2"
"VILLANAS";"Teatro Arlequín Gran Vía";"https://www.abonoteatro.com/evento/019f8475-115a-70b0-8607-1c3d6e78bad1"
"Violinísticas";"Teatro Arlequín Gran Vía";"https://www.abonoteatro.com/evento/019ed522-b101-70b0-9b5c-bc6f29452e9e"
"Vogue Live - La escena ballroom de Madrid";"Yasta Club";"https://www.abonoteatro.com/evento/019fd742-7938-7384-945b-c2c7e2e0dca3"
"Voilá";"Teatro Marquina";"https://www.abonoteatro.com/evento/019f1cce-054e-733d-8ebf-34d54c15f478"
"We Will Rock You, El Musical";"Gran Teatro Caixabank Príncipe Pío";"https://www.abonoteatro.com/evento/019ed510-c3c1-7050-b4df-bb7596adf08c"
"Whitney Houston Hologram Tour";"Gran Teatro Caixabank Príncipe Pío";"https://www.abonoteatro.com/evento/019ed539-5c8b-72f1-bb34-5eb55bc753ac"
